customer_id,country,country_risk_category,is_pep,account_age_months,monthly_txn_count,avg_txn_amount,cash_txn_ratio,cross_border_txn_ratio,has_adverse_media,kyc_doc_complete,channel,high_risk
CUST00001,Country_B,high,0,30,6,1086.86,0.33,0.18,0,1,mobile,1
CUST00002,Country_J,low,0,17,11,1551.26,0.11,0.24,0,1,online,0
CUST00003,Country_I,low,0,54,15,7567.9,0.26,0.47,0,1,online,0
CUST00004,Country_I,low,0,26,12,37422.72,0.14,0.31,0,1,mobile,0
CUST00005,Country_J,low,0,46,11,20010.04,0.01,0.48,0,0,branch,0
CUST00006,Country_I,low,1,17,14,6055.06,0.1,0.07,0,1,mobile,1
CUST00007,Country_H,low,0,13,13,12096.7,0.24,0.39,0,1,branch,0
CUST00008,Country_D,medium,0,2,15,4595.62,0.25,0.41,0,1,branch,0
CUST00009,Country_I,low,0,5,13,1510.88,0.05,0.3,0,1,branch,0
CUST00010,Country_J,low,1,13,23,1382.82,0.27,0.24,0,1,mobile,0
CUST00011,Country_J,low,0,12,17,923.56,0.46,0.42,0,1,branch,0
CUST00012,Country_I,low,0,47,19,199268.84,0.38,0.11,0,1,branch,0
CUST00013,Country_H,low,0,120,17,3126.94,0.15,0.17,0,1,online,0
CUST00014,Country_E,medium,0,43,22,1758.98,0.1,0.21,0,1,online,0
CUST00015,Country_H,low,0,0,13,17882.22,0.13,0.16,0,1,online,0
CUST00016,Country_F,low,0,16,19,6225.67,0.04,0.16,0,1,online,0
CUST00017,Country_I,low,0,0,13,1584.34,0.13,0.19,0,1,branch,0
CUST00018,Country_D,medium,0,2,14,3847.42,0.15,0.03,0,0,mobile,0
CUST00019,Country_H,low,0,48,20,6976.82,0.06,0.0,0,1,branch,0
CUST00020,Country_J,low,0,8,18,5266.4,0.24,0.15,0,1,mobile,0
CUST00021,Country_I,low,0,12,8,7459.41,0.46,0.27,0,1,mobile,0
CUST00022,Country_J,low,0,19,16,1570.2,0.17,0.58,0,1,branch,0
CUST00023,Country_F,low,0,82,16,9620.01,0.18,0.03,0,1,mobile,0
CUST00024,Country_J,low,0,26,13,274.48,0.25,0.38,0,1,branch,0
CUST00025,Country_D,medium,0,42,11,1971.59,0.05,0.19,0,1,mobile,0
CUST00026,Country_I,low,0,21,17,62751.94,0.23,0.14,0,1,online,0
CUST00027,Country_G,low,0,10,22,2936.22,0.48,0.21,0,1,branch,1
CUST00028,Country_F,low,0,18,16,1717.8,0.27,0.15,0,1,branch,0
CUST00029,Country_J,low,0,25,24,8031.32,0.11,0.07,0,1,branch,0
CUST00030,Country_G,low,0,2,10,11511.07,0.19,0.2,0,1,mobile,0
CUST00031,Country_G,low,0,41,13,75185.23,0.37,0.21,1,1,mobile,0
CUST00032,Country_H,low,0,14,20,6703.56,0.17,0.15,0,1,mobile,0
CUST00033,Country_F,low,0,4,8,4377.14,0.14,0.08,0,1,branch,0
CUST00034,Country_A,high,0,14,16,8961.5,0.15,0.13,0,1,online,0
CUST00035,Country_D,medium,0,24,12,10531.05,0.07,0.11,0,1,branch,0
CUST00036,Country_J,low,0,3,21,2171.2,0.11,0.09,0,1,mobile,0
CUST00037,Country_G,low,0,16,11,8865.96,0.26,0.2,0,1,mobile,0
CUST00038,Country_F,low,0,6,11,2055.23,0.23,0.1,0,1,online,0
CUST00039,Country_F,low,0,15,20,24699.74,0.28,0.06,0,1,mobile,0
CUST00040,Country_F,low,0,4,15,3371.31,0.05,0.17,0,1,online,0
CUST00041,Country_C,high,0,15,16,2577.11,0.49,0.08,0,1,branch,1
CUST00042,Country_F,low,0,5,14,3205.51,0.36,0.09,0,1,mobile,0
CUST00043,Country_G,low,0,71,11,8153.56,0.1,0.14,0,1,mobile,0
CUST00044,Country_I,low,0,0,14,8668.04,0.12,0.25,0,1,mobile,0
CUST00045,Country_A,high,0,13,17,10604.43,0.13,0.1,0,1,online,0
CUST00046,Country_A,high,0,41,14,24898.86,0.2,0.17,0,1,mobile,0
CUST00047,Country_F,low,0,19,17,2662.61,0.25,0.23,0,1,online,0
CUST00048,Country_I,low,0,47,10,812.2,0.23,0.35,0,1,mobile,0
CUST00049,Country_H,low,0,0,19,509.19,0.13,0.26,0,1,branch,0
CUST00050,Country_G,low,0,32,19,21841.47,0.11,0.07,0,1,branch,0
CUST00051,Country_D,medium,0,2,14,7675.13,0.13,0.25,0,1,online,0
CUST00052,Country_J,low,0,4,14,4246.66,0.06,0.33,0,0,online,0
CUST00053,Country_I,low,0,14,14,3000.79,0.17,0.27,0,1,online,0
CUST00054,Country_H,low,0,26,14,4642.56,0.16,0.17,0,1,online,0
CUST00055,Country_G,low,0,30,13,6904.3,0.38,0.16,0,1,mobile,0
CUST00056,Country_I,low,1,1,16,13290.13,0.18,0.67,0,1,mobile,0
CUST00057,Country_J,low,0,30,18,4572.57,0.48,0.29,0,1,online,0
CUST00058,Country_E,medium,0,6,12,3984.23,0.26,0.31,0,1,branch,0
CUST00059,Country_H,low,0,8,18,2922.83,0.11,0.08,0,0,branch,0
CUST00060,Country_H,low,0,12,15,3400.43,0.16,0.39,0,0,branch,0
CUST00061,Country_J,low,0,23,12,1209.18,0.04,0.15,0,1,branch,0
CUST00062,Country_C,high,0,16,14,1299.23,0.07,0.06,0,0,branch,1
CUST00063,Country_C,high,0,15,14,16374.52,0.18,0.08,0,0,online,1
CUST00064,Country_E,medium,0,3,12,1264.35,0.29,0.07,0,1,mobile,0
CUST00065,Country_B,high,0,35,12,1692.18,0.45,0.46,0,0,online,1
CUST00066,Country_H,low,0,20,14,1911.28,0.16,0.14,0,1,online,0
CUST00067,Country_H,low,0,18,16,19980.87,0.24,0.23,0,1,online,0
CUST00068,Country_I,low,0,14,15,870.39,0.39,0.08,0,1,mobile,0
CUST00069,Country_D,medium,1,6,12,674.7,0.18,0.13,0,1,online,1
CUST00070,Country_H,low,0,2,18,2008.74,0.48,0.13,0,1,online,0
CUST00071,Country_J,low,0,16,17,11103.9,0.33,0.45,0,1,online,0
CUST00072,Country_E,medium,0,4,12,21834.4,0.05,0.28,0,1,branch,0
CUST00073,Country_H,low,0,2,11,3574.66,0.32,0.17,0,1,mobile,0
CUST00074,Country_E,medium,0,5,13,6917.48,0.04,0.07,0,0,online,0
CUST00075,Country_I,low,0,60,15,1159.83,0.08,0.19,0,1,mobile,0
CUST00076,Country_E,medium,0,52,17,9206.35,0.21,0.29,0,1,branch,0
CUST00077,Country_H,low,0,22,16,10284.32,0.12,0.27,0,0,online,0
CUST00078,Country_D,medium,0,41,18,4404.17,0.11,0.36,0,1,branch,0
CUST00079,Country_D,medium,0,33,14,4282.04,0.19,0.31,0,1,online,0
CUST00080,Country_G,low,0,0,13,472.86,0.16,0.03,0,1,mobile,0
CUST00081,Country_J,low,0,31,18,2589.1,0.07,0.39,0,1,mobile,0
CUST00082,Country_F,low,0,27,17,7259.39,0.1,0.04,0,1,online,0
CUST00083,Country_D,medium,0,4,14,15391.88,0.12,0.02,0,1,online,0
CUST00084,Country_H,low,0,10,23,162.84,0.17,0.36,0,1,mobile,0
CUST00085,Country_B,high,0,40,15,19530.39,0.19,0.2,0,1,branch,0
CUST00086,Country_J,low,0,7,19,645.52,0.36,0.11,0,1,branch,0
CUST00087,Country_H,low,0,47,13,1303.6,0.21,0.03,0,0,branch,0
CUST00088,Country_H,low,0,46,13,1603.41,0.24,0.11,0,1,mobile,0
CUST00089,Country_F,low,0,44,16,27578.99,0.09,0.11,1,0,online,1
CUST00090,Country_H,low,0,32,11,2003.18,0.18,0.09,0,1,online,0
CUST00091,Country_F,low,0,32,12,14462.94,0.18,0.35,0,1,branch,0
CUST00092,Country_I,low,0,50,15,709.49,0.19,0.23,0,1,mobile,0
CUST00093,Country_D,medium,0,27,18,9335.31,0.19,0.36,0,1,branch,0
CUST00094,Country_H,low,0,43,13,2436.41,0.08,0.05,0,1,online,0
CUST00095,Country_E,medium,0,5,14,10998.22,0.3,0.21,0,1,branch,0
CUST00096,Country_J,low,0,73,13,1779.85,0.03,0.07,0,1,online,0
CUST00097,Country_J,low,0,9,11,2108.3,0.3,0.05,0,1,branch,0
CUST00098,Country_F,low,0,16,19,10003.69,0.08,0.39,0,1,online,0
CUST00099,Country_I,low,0,9,12,5573.86,0.21,0.01,0,1,branch,0
CUST00100,Country_F,low,0,25,18,5554.4,0.18,0.41,0,1,online,0
CUST00101,Country_G,low,0,78,18,6040.82,0.08,0.22,0,1,mobile,0
CUST00102,Country_G,low,0,2,21,13132.16,0.15,0.15,0,1,mobile,0
CUST00103,Country_D,medium,0,15,15,3764.12,0.13,0.17,0,1,online,0
CUST00104,Country_D,medium,0,2,12,3052.33,0.21,0.17,0,1,online,0
CUST00105,Country_A,high,0,65,9,2031.31,0.1,0.12,0,1,branch,0
CUST00106,Country_G,low,0,20,12,1470.85,0.29,0.19,0,1,online,0
CUST00107,Country_E,medium,0,15,13,17899.65,0.18,0.02,0,1,mobile,0
CUST00108,Country_F,low,0,7,17,7728.82,0.05,0.11,0,0,branch,0
CUST00109,Country_I,low,0,9,16,475.61,0.23,0.23,0,1,online,0
CUST00110,Country_J,low,0,33,15,1389.32,0.23,0.1,0,1,branch,0
CUST00111,Country_I,low,0,16,16,1915.3,0.19,0.04,0,1,online,0
CUST00112,Country_H,low,0,29,16,12043.29,0.21,0.18,0,1,online,0
CUST00113,Country_I,low,0,6,16,2281.44,0.02,0.3,0,1,online,0
CUST00114,Country_I,low,0,25,12,2686.27,0.04,0.06,0,1,online,0
CUST00115,Country_F,low,0,2,20,16637.29,0.26,0.35,0,1,branch,0
CUST00116,Country_F,low,1,15,14,5506.91,0.12,0.17,0,1,mobile,1
CUST00117,Country_J,low,0,2,16,978.17,0.16,0.11,0,1,mobile,0
CUST00118,Country_G,low,0,9,13,1009.18,0.16,0.24,0,1,mobile,0
CUST00119,Country_B,high,0,31,12,811.55,0.02,0.06,0,1,online,0
CUST00120,Country_G,low,0,45,21,17914.05,0.14,0.26,0,1,mobile,0
CUST00121,Country_G,low,0,31,14,5780.02,0.1,0.09,0,1,online,0
CUST00122,Country_G,low,0,28,12,1223.72,0.32,0.09,0,1,branch,0
CUST00123,Country_B,high,0,20,20,23107.66,0.15,0.22,0,1,online,0
CUST00124,Country_F,low,0,0,18,32366.63,0.23,0.28,0,1,online,0
CUST00125,Country_I,low,0,33,12,8738.86,0.22,0.15,0,1,mobile,0
CUST00126,Country_H,low,0,6,11,4044.18,0.25,0.47,0,1,mobile,0
CUST00127,Country_H,low,0,9,15,7187.97,0.36,0.0,0,1,branch,0
CUST00128,Country_I,low,0,30,15,2249.88,0.56,0.1,0,1,mobile,0
CUST00129,Country_F,low,0,48,15,5955.47,0.15,0.17,0,1,online,0
CUST00130,Country_F,low,0,19,16,1889.95,0.07,0.4,0,0,mobile,0
CUST00131,Country_E,medium,0,21,9,1976.49,0.08,0.36,0,1,online,0
CUST00132,Country_B,high,0,21,7,6026.27,0.12,0.26,0,1,online,0
CUST00133,Country_H,low,0,7,15,48105.42,0.06,0.19,0,1,mobile,0
CUST00134,Country_J,low,0,14,14,852.77,0.12,0.12,0,1,branch,0
CUST00135,Country_I,low,0,9,15,35581.66,0.22,0.01,0,1,branch,0
CUST00136,Country_H,low,0,37,23,9603.25,0.24,0.3,0,1,online,0
CUST00137,Country_F,low,0,29,9,1529.14,0.19,0.16,0,1,online,0
CUST00138,Country_D,medium,0,0,15,5378.34,0.05,0.18,0,1,mobile,0
CUST00139,Country_B,high,0,30,19,1557.19,0.26,0.48,0,1,mobile,0
CUST00140,Country_G,low,0,2,7,2315.13,0.29,0.46,0,1,online,0
CUST00141,Country_J,low,0,12,6,5576.52,0.25,0.4,0,1,online,0
CUST00142,Country_D,medium,0,91,15,903.46,0.3,0.41,0,1,online,0
CUST00143,Country_E,medium,0,46,19,2359.76,0.08,0.14,0,1,online,0
CUST00144,Country_I,low,0,0,14,7230.67,0.25,0.06,0,1,online,0
CUST00145,Country_J,low,0,7,15,3336.51,0.42,0.06,0,1,mobile,0
CUST00146,Country_F,low,0,37,11,57281.77,0.1,0.13,0,1,mobile,0
CUST00147,Country_F,low,0,19,10,2575.21,0.31,0.23,0,1,online,0
CUST00148,Country_F,low,0,66,19,10881.53,0.1,0.04,0,0,online,0
CUST00149,Country_D,medium,0,22,10,1876.34,0.34,0.02,0,1,branch,0
CUST00150,Country_I,low,0,2,10,995.27,0.3,0.33,0,1,branch,0
CUST00151,Country_E,medium,0,25,16,47646.04,0.16,0.19,0,1,online,0
CUST00152,Country_I,low,0,58,7,7998.23,0.25,0.08,0,1,mobile,0
CUST00153,Country_I,low,0,14,17,2247.61,0.33,0.05,1,1,branch,0
CUST00154,Country_G,low,0,45,16,11491.87,0.09,0.17,0,1,mobile,0
CUST00155,Country_H,low,0,35,14,561.99,0.11,0.07,0,1,online,0
CUST00156,Country_C,high,0,38,17,3578.63,0.27,0.18,0,1,branch,0
CUST00157,Country_C,high,0,23,18,5305.04,0.32,0.15,0,1,branch,0
CUST00158,Country_I,low,0,6,15,1047.72,0.19,0.08,0,1,branch,0
CUST00159,Country_H,low,0,19,11,15617.33,0.16,0.14,0,1,mobile,0
CUST00160,Country_E,medium,0,42,12,1116.69,0.39,0.14,0,1,online,0
CUST00161,Country_H,low,0,1,19,8153.35,0.15,0.03,0,1,branch,0
CUST00162,Country_H,low,0,0,12,592.63,0.07,0.12,0,1,branch,0
CUST00163,Country_J,low,0,24,15,7106.48,0.24,0.48,0,1,online,0
CUST00164,Country_H,low,0,33,12,1365.87,0.35,0.13,0,1,mobile,0
CUST00165,Country_D,medium,0,16,12,2368.68,0.14,0.09,0,1,branch,0
CUST00166,Country_E,medium,0,43,7,1936.24,0.26,0.06,0,0,mobile,0
CUST00167,Country_I,low,0,20,10,13844.12,0.28,0.09,0,1,online,0
CUST00168,Country_J,low,0,18,16,6381.19,0.2,0.08,0,1,mobile,0
CUST00169,Country_A,high,0,20,12,11408.34,0.15,0.07,0,1,online,0
CUST00170,Country_F,low,0,19,14,26461.46,0.02,0.07,0,1,branch,0
CUST00171,Country_J,low,0,18,12,22664.71,0.29,0.03,0,1,mobile,0
CUST00172,Country_E,medium,0,19,15,2623.19,0.06,0.2,0,1,online,0
CUST00173,Country_G,low,0,28,18,1471.17,0.18,0.28,0,1,online,0
CUST00174,Country_J,low,0,19,11,6327.95,0.55,0.1,0,1,online,0
CUST00175,Country_J,low,1,28,10,154.12,0.33,0.6,0,1,branch,1
CUST00176,Country_H,low,0,9,10,8662.89,0.19,0.19,0,0,mobile,0
CUST00177,Country_E,medium,0,41,13,8660.76,0.18,0.34,0,1,online,0
CUST00178,Country_I,low,0,7,10,100836.68,0.26,0.26,0,1,branch,0
CUST00179,Country_J,low,0,9,18,10666.05,0.09,0.09,0,1,online,0
CUST00180,Country_F,low,0,91,16,7496.33,0.27,0.15,0,1,mobile,0
CUST00181,Country_J,low,0,2,19,3632.37,0.11,0.17,0,1,mobile,0
CUST00182,Country_H,low,0,4,18,10347.64,0.3,0.47,0,1,branch,0
CUST00183,Country_G,low,0,63,13,103100.03,0.13,0.23,0,1,branch,0
CUST00184,Country_F,low,0,8,19,2229.64,0.3,0.54,0,1,online,0
CUST00185,Country_G,low,0,15,16,5764.44,0.03,0.18,0,0,online,0
CUST00186,Country_J,low,0,38,15,3294.24,0.24,0.03,0,1,branch,0
CUST00187,Country_E,medium,0,111,11,2154.71,0.2,0.24,0,1,branch,0
CUST00188,Country_J,low,0,47,15,1300.75,0.2,0.43,0,1,branch,0
CUST00189,Country_G,low,0,44,20,4523.43,0.42,0.01,0,1,online,0
CUST00190,Country_F,low,0,8,13,8665.19,0.13,0.14,0,1,branch,0
CUST00191,Country_I,low,0,28,18,2352.13,0.37,0.18,0,1,mobile,0
CUST00192,Country_G,low,0,19,18,3686.41,0.19,0.34,0,1,mobile,0
CUST00193,Country_J,low,0,29,8,6488.18,0.09,0.58,0,1,mobile,0
CUST00194,Country_J,low,0,0,13,5867.44,0.07,0.09,0,1,online,0
CUST00195,Country_J,low,0,98,21,1284.49,0.02,0.25,0,1,mobile,0
CUST00196,Country_G,low,0,14,14,2559.92,0.33,0.1,0,1,branch,0
CUST00197,Country_I,low,0,14,13,3527.69,0.05,0.38,0,1,branch,0
CUST00198,Country_F,low,0,10,14,11096.22,0.18,0.04,0,1,branch,0
CUST00199,Country_E,medium,0,39,11,519.06,0.32,0.22,0,1,branch,0
CUST00200,Country_D,medium,0,7,16,3092.27,0.2,0.58,0,1,online,0
CUST00201,Country_B,high,0,8,19,5128.69,0.14,0.14,0,1,mobile,0
CUST00202,Country_G,low,0,0,16,1029.29,0.07,0.42,0,1,online,0
CUST00203,Country_J,low,1,43,17,13629.19,0.21,0.35,0,1,mobile,0
CUST00204,Country_H,low,0,23,7,1030.12,0.07,0.41,0,1,online,0
CUST00205,Country_I,low,0,5,11,5793.25,0.19,0.09,1,1,branch,0
CUST00206,Country_I,low,0,7,16,2841.04,0.42,0.17,0,1,mobile,0
CUST00207,Country_C,high,0,106,17,976.07,0.13,0.04,0,1,branch,0
CUST00208,Country_D,medium,0,11,15,2799.93,0.37,0.21,0,1,branch,0
CUST00209,Country_F,low,0,22,18,14102.8,0.44,0.29,0,1,online,0
CUST00210,Country_F,low,0,29,16,5311.22,0.12,0.07,0,1,mobile,0
CUST00211,Country_J,low,1,5,12,3998.79,0.15,0.2,0,1,mobile,1
CUST00212,Country_G,low,0,12,12,4401.94,0.08,0.31,0,1,branch,0
CUST00213,Country_I,low,0,35,20,7461.6,0.12,0.2,0,1,branch,0
CUST00214,Country_H,low,1,35,12,2118.59,0.13,0.3,0,0,online,1
CUST00215,Country_F,low,0,44,17,10271.67,0.23,0.04,0,0,branch,0
CUST00216,Country_I,low,0,20,11,33689.08,0.17,0.19,0,1,mobile,0
CUST00217,Country_J,low,0,10,15,15514.33,0.44,0.3,0,1,branch,0
CUST00218,Country_I,low,1,30,14,1335.98,0.07,0.2,0,0,online,0
CUST00219,Country_J,low,0,46,13,3698.53,0.18,0.07,0,1,branch,0
CUST00220,Country_I,low,0,14,15,2484.95,0.05,0.12,0,1,branch,0
CUST00221,Country_J,low,0,36,9,6256.55,0.11,0.14,0,1,online,0
CUST00222,Country_I,low,0,9,12,34791.91,0.32,0.04,0,1,online,0
CUST00223,Country_J,low,0,14,16,6948.35,0.05,0.43,0,1,online,0
CUST00224,Country_C,high,1,1,21,49054.22,0.24,0.11,0,1,online,1
CUST00225,Country_I,low,1,31,14,10275.82,0.18,0.15,0,1,mobile,0
CUST00226,Country_J,low,0,13,12,4904.99,0.31,0.12,0,0,mobile,0
CUST00227,Country_F,low,0,44,15,6738.94,0.43,0.43,0,1,mobile,0
CUST00228,Country_I,low,0,2,14,8025.57,0.25,0.15,0,0,mobile,0
CUST00229,Country_J,low,0,5,19,924.57,0.09,0.13,0,1,mobile,0
CUST00230,Country_C,high,0,5,15,1041.53,0.42,0.02,0,1,branch,1
CUST00231,Country_G,low,0,5,20,5356.26,0.1,0.4,0,1,branch,0
CUST00232,Country_I,low,0,15,22,1604.86,0.35,0.59,0,1,branch,0
CUST00233,Country_E,medium,0,56,18,26789.13,0.17,0.62,0,1,mobile,0
CUST00234,Country_F,low,0,33,15,3089.27,0.2,0.6,0,1,online,0
CUST00235,Country_E,medium,0,38,20,6162.18,0.09,0.25,0,1,online,0
CUST00236,Country_G,low,0,1,22,23747.33,0.18,0.27,0,1,branch,0
CUST00237,Country_H,low,0,10,15,2692.39,0.42,0.5,0,1,mobile,0
CUST00238,Country_A,high,0,25,18,2281.31,0.37,0.12,0,1,branch,0
CUST00239,Country_B,high,0,11,12,2435.19,0.35,0.41,0,1,mobile,1
CUST00240,Country_H,low,0,4,19,1395.44,0.11,0.27,0,1,online,0
CUST00241,Country_C,high,0,0,22,2035.66,0.08,0.05,0,1,online,0
CUST00242,Country_D,medium,0,154,15,4614.38,0.28,0.08,0,0,branch,0
CUST00243,Country_I,low,0,3,8,1164.83,0.16,0.05,0,1,online,0
CUST00244,Country_A,high,0,11,16,4962.7,0.15,0.07,0,1,branch,0
CUST00245,Country_I,low,0,47,14,544.13,0.14,0.06,0,1,branch,0
CUST00246,Country_J,low,0,59,12,7858.75,0.3,0.18,0,0,branch,0
CUST00247,Country_I,low,0,0,9,20851.13,0.05,0.11,0,0,online,0
CUST00248,Country_G,low,0,0,15,3688.78,0.4,0.15,0,1,mobile,0
CUST00249,Country_F,low,0,33,10,5902.08,0.11,0.38,0,1,online,0
CUST00250,Country_G,low,0,54,12,4778.02,0.29,0.27,0,1,online,0
CUST00251,Country_F,low,0,10,14,707.01,0.13,0.71,0,1,branch,0
CUST00252,Country_F,low,0,11,13,626.35,0.21,0.09,0,1,mobile,0
CUST00253,Country_I,low,0,31,19,7794.68,0.08,0.12,0,1,branch,0
CUST00254,Country_J,low,0,6,12,33165.69,0.37,0.19,0,1,online,0
CUST00255,Country_H,low,0,26,14,29878.96,0.35,0.19,0,1,branch,0
CUST00256,Country_F,low,0,3,11,9952.99,0.19,0.25,0,1,mobile,0
CUST00257,Country_I,low,0,56,14,12654.19,0.02,0.04,0,1,branch,0
CUST00258,Country_F,low,0,29,19,3763.17,0.03,0.12,0,1,mobile,0
CUST00259,Country_H,low,0,12,11,4265.49,0.22,0.32,0,1,branch,0
CUST00260,Country_I,low,0,75,11,1358.74,0.14,0.08,0,1,online,0
CUST00261,Country_B,high,0,6,14,2882.77,0.43,0.34,0,1,online,1
CUST00262,Country_D,medium,0,117,25,7258.83,0.31,0.09,0,1,mobile,0
CUST00263,Country_G,low,0,21,8,34573.94,0.2,0.17,0,1,mobile,0
CUST00264,Country_G,low,0,41,12,74370.49,0.36,0.19,0,1,mobile,0
CUST00265,Country_H,low,0,5,11,6742.56,0.11,0.4,0,1,mobile,0
CUST00266,Country_J,low,0,14,6,3671.15,0.31,0.04,0,1,branch,0
CUST00267,Country_H,low,0,10,21,17448.66,0.21,0.17,0,0,branch,0
CUST00268,Country_H,low,0,16,18,7823.87,0.15,0.25,0,1,mobile,0
CUST00269,Country_H,low,0,15,18,650.01,0.26,0.03,0,1,mobile,0
CUST00270,Country_D,medium,0,30,17,7720.17,0.14,0.52,0,1,branch,0
CUST00271,Country_H,low,0,22,18,25936.4,0.05,0.13,0,1,branch,0
CUST00272,Country_C,high,0,29,14,3048.1,0.04,0.04,0,1,branch,1
CUST00273,Country_I,low,0,18,12,24269.65,0.26,0.44,0,1,branch,0
CUST00274,Country_F,low,0,11,22,694.37,0.12,0.29,0,1,online,0
CUST00275,Country_J,low,0,2,9,1840.39,0.07,0.34,0,1,branch,0
CUST00276,Country_B,high,0,16,19,15474.16,0.09,0.06,0,1,online,0
CUST00277,Country_H,low,0,34,18,59003.56,0.19,0.16,0,1,online,0
CUST00278,Country_J,low,0,10,19,48950.1,0.21,0.18,0,1,online,0
CUST00279,Country_E,medium,0,42,13,7647.15,0.1,0.19,0,1,branch,0
CUST00280,Country_F,low,0,37,9,2436.18,0.04,0.2,0,1,online,0
CUST00281,Country_F,low,0,8,5,340.82,0.56,0.03,0,0,branch,1
CUST00282,Country_E,medium,0,140,14,9472.08,0.43,0.39,0,0,online,1
CUST00283,Country_D,medium,0,7,12,553.23,0.24,0.01,0,1,branch,0
CUST00284,Country_I,low,0,15,17,6719.61,0.07,0.26,0,1,branch,0
CUST00285,Country_A,high,0,24,12,25207.25,0.09,0.14,0,1,online,0
CUST00286,Country_J,low,0,8,9,49541.39,0.24,0.12,0,1,online,0
CUST00287,Country_F,low,0,73,14,9345.48,0.31,0.15,0,1,branch,0
CUST00288,Country_H,low,0,13,14,4229.7,0.54,0.17,0,1,online,0
CUST00289,Country_H,low,0,18,19,2298.24,0.1,0.25,0,1,mobile,0
CUST00290,Country_F,low,0,5,15,718.03,0.23,0.19,0,1,mobile,0
CUST00291,Country_D,medium,0,20,18,3664.43,0.38,0.02,0,1,branch,0
CUST00292,Country_E,medium,0,1,12,1193.18,0.08,0.13,0,0,mobile,0
CUST00293,Country_H,low,0,14,22,10862.52,0.33,0.21,0,1,online,0
CUST00294,Country_J,low,1,72,22,9953.5,0.19,0.31,0,1,branch,0
CUST00295,Country_I,low,0,26,16,1329.66,0.09,0.42,0,1,online,0
CUST00296,Country_G,low,0,19,15,8790.58,0.19,0.16,0,1,mobile,0
CUST00297,Country_J,low,0,12,17,18823.72,0.27,0.22,0,1,branch,0
CUST00298,Country_I,low,0,1,10,992.9,0.05,0.09,0,1,online,0
CUST00299,Country_F,low,0,39,12,15193.22,0.12,0.2,0,1,mobile,0
CUST00300,Country_G,low,0,32,19,926.22,0.16,0.19,0,1,online,0
CUST00301,Country_E,medium,0,14,12,922.02,0.15,0.11,0,1,branch,0
CUST00302,Country_H,low,0,3,24,4511.95,0.25,0.12,0,1,mobile,0
CUST00303,Country_I,low,0,3,23,15054.3,0.12,0.14,0,1,online,0
CUST00304,Country_E,medium,0,10,23,3335.43,0.38,0.22,0,1,mobile,0
CUST00305,Country_E,medium,0,41,13,782.7,0.06,0.12,0,1,online,0
CUST00306,Country_F,low,1,25,22,32916.69,0.28,0.25,0,1,branch,1
CUST00307,Country_I,low,0,48,19,11013.16,0.12,0.23,0,1,mobile,0
CUST00308,Country_H,low,0,25,21,12336.59,0.1,0.09,0,1,mobile,0
CUST00309,Country_D,medium,0,2,14,2186.96,0.27,0.42,0,0,mobile,0
CUST00310,Country_H,low,0,14,12,6037.2,0.35,0.19,0,0,online,0
CUST00311,Country_J,low,0,0,16,2460.47,0.43,0.1,0,0,mobile,1
CUST00312,Country_G,low,0,51,18,19932.14,0.14,0.07,0,0,online,0
CUST00313,Country_F,low,0,12,8,12119.38,0.06,0.37,0,1,online,0
CUST00314,Country_C,high,0,31,11,3210.93,0.43,0.38,0,1,mobile,1
CUST00315,Country_G,low,0,28,19,5064.45,0.23,0.1,0,1,online,0
CUST00316,Country_F,low,0,12,15,1530.18,0.47,0.09,0,1,online,0
CUST00317,Country_G,low,0,6,20,17400.76,0.01,0.24,0,1,mobile,0
CUST00318,Country_A,high,0,35,14,3203.59,0.15,0.15,0,1,online,0
CUST00319,Country_I,low,0,16,21,17702.69,0.41,0.4,0,1,mobile,0
CUST00320,Country_G,low,0,19,16,8258.31,0.05,0.07,0,1,mobile,0
CUST00321,Country_G,low,1,10,17,3343.49,0.21,0.18,0,1,branch,0
CUST00322,Country_H,low,0,49,16,5521.34,0.33,0.25,0,1,mobile,0
CUST00323,Country_I,low,0,20,13,744.83,0.05,0.22,0,1,branch,0
CUST00324,Country_D,medium,0,22,9,8678.01,0.31,0.1,0,1,online,0
CUST00325,Country_H,low,0,12,17,5262.38,0.07,0.48,0,1,branch,0
CUST00326,Country_F,low,0,14,9,20329.32,0.35,0.12,0,1,branch,0
CUST00327,Country_G,low,0,4,22,16885.01,0.33,0.02,0,1,branch,0
CUST00328,Country_D,medium,0,5,15,3520.28,0.04,0.36,0,1,online,0
CUST00329,Country_A,high,0,16,17,17887.18,0.41,0.28,0,0,branch,1
CUST00330,Country_G,low,0,7,12,4545.7,0.29,0.32,0,1,branch,0
CUST00331,Country_F,low,0,8,17,7416.98,0.42,0.08,0,1,mobile,0
CUST00332,Country_F,low,1,73,13,5582.77,0.17,0.05,0,1,mobile,0
CUST00333,Country_I,low,0,1,22,1189.92,0.19,0.12,0,1,branch,0
CUST00334,Country_F,low,0,14,19,491.62,0.36,0.14,0,0,mobile,0
CUST00335,Country_H,low,0,19,12,75652.88,0.21,0.13,0,1,branch,0
CUST00336,Country_I,low,0,28,11,1114.28,0.19,0.43,0,1,online,0
CUST00337,Country_F,low,0,4,10,9622.24,0.12,0.37,0,1,mobile,0
CUST00338,Country_F,low,0,2,14,4088.58,0.33,0.43,0,1,online,0
CUST00339,Country_F,low,0,6,12,133459.94,0.38,0.09,0,1,mobile,0
CUST00340,Country_H,low,0,10,14,578.27,0.06,0.13,0,1,branch,0
CUST00341,Country_J,low,0,1,10,3452.16,0.31,0.09,0,1,branch,0
CUST00342,Country_E,medium,0,5,12,16293.14,0.41,0.21,0,1,branch,1
CUST00343,Country_H,low,0,13,21,6431.32,0.43,0.13,0,1,online,0
CUST00344,Country_A,high,0,8,17,15763.9,0.17,0.0,0,1,branch,1
CUST00345,Country_J,low,0,35,10,25291.2,0.22,0.17,0,1,mobile,0
CUST00346,Country_I,low,0,9,17,1614.36,0.25,0.3,0,1,mobile,0
CUST00347,Country_J,low,0,78,19,5725.76,0.22,0.37,0,1,online,0
CUST00348,Country_I,low,0,1,17,23595.67,0.48,0.39,0,1,online,0
CUST00349,Country_E,medium,0,8,14,3291.61,0.18,0.2,0,1,mobile,0
CUST00350,Country_J,low,0,54,13,1144.54,0.03,0.15,0,1,mobile,0
CUST00351,Country_J,low,0,21,11,1222.31,0.17,0.12,0,1,mobile,0
CUST00352,Country_I,low,0,40,17,26924.66,0.38,0.19,0,1,online,0
CUST00353,Country_G,low,0,8,19,6346.95,0.25,0.13,0,1,branch,0
CUST00354,Country_G,low,0,13,18,24382.79,0.12,0.32,0,1,branch,0
CUST00355,Country_I,low,0,1,21,6757.39,0.06,0.24,0,0,branch,0
CUST00356,Country_G,low,0,19,18,9069.1,0.13,0.09,0,1,online,0
CUST00357,Country_F,low,0,19,16,3633.02,0.12,0.19,0,1,mobile,0
CUST00358,Country_F,low,0,9,16,961.78,0.11,0.19,0,1,online,0
CUST00359,Country_E,medium,0,3,15,3418.05,0.19,0.32,0,1,mobile,0
CUST00360,Country_C,high,0,10,6,12715.45,0.07,0.07,0,1,mobile,0
CUST00361,Country_I,low,0,10,20,2697.63,0.55,0.03,0,1,mobile,0
CUST00362,Country_C,high,0,33,14,2230.43,0.03,0.11,0,1,branch,0
CUST00363,Country_F,low,0,49,18,3559.32,0.39,0.0,0,1,mobile,0
CUST00364,Country_E,medium,0,43,14,7347.72,0.33,0.18,0,1,mobile,0
CUST00365,Country_G,low,0,22,13,1299.01,0.3,0.21,0,1,online,0
CUST00366,Country_F,low,0,0,17,8807.91,0.26,0.15,0,0,online,0
CUST00367,Country_B,high,0,24,13,7033.77,0.04,0.1,0,1,online,0
CUST00368,Country_C,high,1,71,19,20831.85,0.45,0.29,0,1,online,1
CUST00369,Country_J,low,0,16,17,5552.57,0.35,0.38,0,1,online,0
CUST00370,Country_H,low,0,15,13,9803.76,0.24,0.28,0,1,branch,0
CUST00371,Country_B,high,0,22,14,19335.74,0.06,0.13,0,1,branch,0
CUST00372,Country_J,low,0,24,16,1786.26,0.16,0.26,0,1,online,0
CUST00373,Country_G,low,0,6,15,13248.48,0.25,0.26,0,1,branch,0
CUST00374,Country_H,low,0,3,18,1371.52,0.4,0.26,0,1,mobile,0
CUST00375,Country_F,low,0,74,12,8839.3,0.16,0.1,0,1,mobile,0
CUST00376,Country_G,low,0,14,11,11730.42,0.25,0.25,0,1,mobile,0
CUST00377,Country_I,low,0,19,8,5992.05,0.31,0.43,0,1,branch,0
CUST00378,Country_J,low,0,77,19,6547.99,0.08,0.38,0,0,online,0
CUST00379,Country_I,low,0,3,15,13348.12,0.12,0.27,0,0,mobile,0
CUST00380,Country_I,low,0,4,18,34280.58,0.18,0.22,0,1,mobile,0
CUST00381,Country_H,low,0,15,19,1971.81,0.41,0.14,0,1,branch,0
CUST00382,Country_E,medium,0,66,20,13052.09,0.1,0.03,0,1,mobile,0
CUST00383,Country_J,low,0,5,13,2778.81,0.09,0.05,0,1,branch,0
CUST00384,Country_F,low,0,26,18,104990.89,0.22,0.02,0,1,mobile,0
CUST00385,Country_G,low,0,5,16,1207.96,0.14,0.14,0,1,online,0
CUST00386,Country_G,low,0,2,17,20500.43,0.03,0.21,0,1,online,0
CUST00387,Country_J,low,0,20,11,2128.04,0.03,0.15,0,1,online,0
CUST00388,Country_C,high,0,31,14,32208.0,0.08,0.48,0,1,online,1
CUST00389,Country_F,low,0,15,12,3014.53,0.43,0.25,0,1,branch,0
CUST00390,Country_H,low,0,71,16,2848.65,0.18,0.4,0,1,online,0
CUST00391,Country_F,low,1,7,14,2218.65,0.3,0.41,0,1,branch,0
CUST00392,Country_F,low,0,18,13,663.78,0.03,0.12,0,1,branch,0
CUST00393,Country_F,low,0,63,13,2305.81,0.28,0.36,0,0,mobile,0
CUST00394,Country_D,medium,0,20,14,59853.53,0.25,0.57,0,1,branch,0
CUST00395,Country_I,low,0,45,15,2734.21,0.3,0.08,0,1,mobile,0
CUST00396,Country_F,low,0,1,15,6205.0,0.05,0.45,0,1,branch,0
CUST00397,Country_I,low,0,14,15,14722.95,0.13,0.3,0,1,branch,0
CUST00398,Country_F,low,0,15,14,5574.9,0.03,0.14,0,1,online,0
CUST00399,Country_H,low,0,49,11,499.99,0.2,0.06,0,1,online,0
CUST00400,Country_J,low,0,3,10,107.31,0.27,0.16,0,1,branch,0
CUST00401,Country_D,medium,0,13,8,154.66,0.18,0.32,0,1,branch,0
CUST00402,Country_D,medium,0,6,19,21790.11,0.1,0.02,0,1,branch,0
CUST00403,Country_G,low,0,9,14,33308.89,0.23,0.26,0,1,mobile,0
CUST00404,Country_G,low,0,15,29,10909.4,0.24,0.23,0,1,mobile,0
CUST00405,Country_H,low,0,12,19,6467.52,0.21,0.08,0,1,online,0
CUST00406,Country_H,low,0,11,15,1364.25,0.05,0.11,0,1,online,0
CUST00407,Country_E,medium,0,21,15,5791.27,0.24,0.31,0,1,mobile,0
CUST00408,Country_D,medium,0,44,20,2365.26,0.17,0.04,0,1,mobile,0
CUST00409,Country_H,low,0,64,13,1827.64,0.37,0.11,0,1,online,0
CUST00410,Country_H,low,1,23,15,17446.92,0.16,0.09,0,1,online,0
CUST00411,Country_H,low,0,14,15,61743.01,0.41,0.34,0,1,online,0
CUST00412,Country_H,low,0,17,17,14484.08,0.24,0.15,0,1,online,0
CUST00413,Country_H,low,0,10,22,3718.34,0.21,0.22,0,1,online,0
CUST00414,Country_G,low,0,23,16,4850.45,0.05,0.3,0,1,online,0
CUST00415,Country_I,low,0,23,14,2678.45,0.24,0.31,0,1,branch,0
CUST00416,Country_H,low,0,8,13,15350.53,0.26,0.06,0,1,mobile,0
CUST00417,Country_A,high,0,40,16,414.65,0.18,0.08,0,1,mobile,0
CUST00418,Country_I,low,0,43,12,3937.24,0.06,0.25,0,1,branch,0
CUST00419,Country_C,high,0,20,21,5977.75,0.22,0.37,0,1,mobile,1
CUST00420,Country_D,medium,0,31,19,522.31,0.14,0.33,0,1,branch,0
CUST00421,Country_I,low,0,82,14,13607.37,0.06,0.4,0,1,mobile,0
CUST00422,Country_G,low,0,43,23,22352.01,0.04,0.3,0,1,branch,0
CUST00423,Country_I,low,0,22,14,1715.18,0.25,0.2,0,1,online,0
CUST00424,Country_I,low,0,6,11,4388.3,0.21,0.33,0,0,branch,0
CUST00425,Country_E,medium,0,33,19,15435.67,0.37,0.13,0,1,branch,0
CUST00426,Country_G,low,0,34,21,961.0,0.29,0.13,0,1,branch,0
CUST00427,Country_I,low,0,15,12,6903.98,0.13,0.2,0,1,online,0
CUST00428,Country_F,low,0,1,10,695.5,0.19,0.03,0,1,branch,0
CUST00429,Country_B,high,0,50,19,8826.3,0.51,0.06,0,1,online,1
CUST00430,Country_E,medium,0,50,13,5657.07,0.24,0.18,0,1,branch,0
CUST00431,Country_G,low,0,8,15,573.77,0.08,0.14,0,1,branch,0
CUST00432,Country_F,low,0,9,12,1998.58,0.28,0.25,0,1,online,0
CUST00433,Country_H,low,0,47,15,4571.96,0.33,0.43,0,1,mobile,0
CUST00434,Country_E,medium,0,12,16,5698.77,0.04,0.44,0,1,online,0
CUST00435,Country_H,low,0,1,15,2682.28,0.18,0.18,0,1,mobile,0
CUST00436,Country_H,low,0,0,19,7315.97,0.39,0.28,0,1,mobile,0
CUST00437,Country_G,low,0,2,17,18591.95,0.46,0.25,0,1,mobile,0
CUST00438,Country_G,low,0,5,16,17798.17,0.24,0.09,0,0,branch,0
CUST00439,Country_C,high,0,121,18,8057.23,0.1,0.12,0,0,mobile,0
CUST00440,Country_F,low,0,4,20,455.93,0.32,0.22,0,1,mobile,0
CUST00441,Country_E,medium,0,56,14,7276.02,0.3,0.28,0,1,online,0
CUST00442,Country_I,low,0,9,15,14932.86,0.08,0.02,0,1,mobile,0
CUST00443,Country_H,low,0,1,10,190229.89,0.23,0.05,0,1,online,0
CUST00444,Country_B,high,1,30,8,1484.32,0.38,0.38,0,1,mobile,1
CUST00445,Country_E,medium,0,4,10,11729.45,0.19,0.06,0,0,online,0
CUST00446,Country_D,medium,0,21,10,7495.89,0.1,0.35,0,1,branch,0
CUST00447,Country_G,low,0,3,11,9515.96,0.37,0.42,0,1,mobile,0
CUST00448,Country_G,low,0,13,14,6115.8,0.19,0.39,0,1,online,0
CUST00449,Country_G,low,0,7,11,927.41,0.4,0.3,0,1,mobile,0
CUST00450,Country_G,low,0,37,13,6851.91,0.17,0.02,0,1,mobile,0
CUST00451,Country_A,high,0,18,13,17210.59,0.16,0.39,0,1,branch,0
CUST00452,Country_I,low,0,18,14,2648.11,0.09,0.19,0,1,mobile,0
CUST00453,Country_G,low,0,49,18,6241.2,0.19,0.24,0,0,online,0
CUST00454,Country_J,low,0,18,13,1326.23,0.13,0.36,0,1,branch,0
CUST00455,Country_F,low,0,35,12,17682.65,0.14,0.09,0,1,mobile,0
CUST00456,Country_I,low,0,9,9,8127.62,0.2,0.1,0,1,mobile,0
CUST00457,Country_J,low,0,9,14,33095.62,0.04,0.18,0,1,online,0
CUST00458,Country_H,low,0,5,14,3057.09,0.1,0.17,0,1,branch,0
CUST00459,Country_E,medium,0,2,15,25236.62,0.4,0.18,0,1,mobile,0
CUST00460,Country_I,low,0,7,11,521.74,0.07,0.41,0,1,online,0
CUST00461,Country_E,medium,0,19,16,1481.8,0.29,0.07,0,1,branch,0
CUST00462,Country_J,low,0,3,18,276601.33,0.04,0.31,0,1,branch,0
CUST00463,Country_J,low,0,13,11,5729.55,0.17,0.02,0,1,branch,0
CUST00464,Country_I,low,0,13,19,16524.46,0.23,0.01,0,1,branch,0
CUST00465,Country_J,low,0,36,17,189741.39,0.37,0.28,0,1,branch,0
CUST00466,Country_H,low,1,42,18,105900.92,0.41,0.5,0,1,branch,1
CUST00467,Country_E,medium,1,0,14,1839.02,0.08,0.35,0,1,mobile,1
CUST00468,Country_D,medium,0,44,15,573.97,0.27,0.19,0,0,online,0
CUST00469,Country_E,medium,0,27,18,5767.69,0.25,0.19,0,1,branch,0
CUST00470,Country_I,low,0,8,9,5635.9,0.15,0.3,0,1,branch,0
CUST00471,Country_I,low,0,64,15,6149.16,0.09,0.09,0,1,branch,0
CUST00472,Country_F,low,0,19,17,16358.11,0.21,0.2,0,1,online,0
CUST00473,Country_D,medium,0,7,16,5250.61,0.11,0.38,0,1,branch,0
CUST00474,Country_C,high,0,49,14,23919.86,0.18,0.32,0,1,branch,1
CUST00475,Country_D,medium,0,22,12,3465.8,0.16,0.35,0,1,mobile,0
CUST00476,Country_E,medium,0,12,11,44848.85,0.25,0.04,0,1,online,0
CUST00477,Country_H,low,0,27,14,9826.66,0.26,0.11,0,1,branch,0
CUST00478,Country_D,medium,0,6,7,20477.87,0.08,0.11,0,1,mobile,0
CUST00479,Country_I,low,0,6,18,658.43,0.2,0.23,0,1,online,0
CUST00480,Country_D,medium,0,7,9,5673.54,0.15,0.12,1,1,mobile,0
CUST00481,Country_H,low,0,25,26,1492.66,0.03,0.21,0,1,branch,0
CUST00482,Country_D,medium,0,26,22,2043.15,0.05,0.05,0,1,mobile,0
CUST00483,Country_H,low,0,54,11,1930.83,0.07,0.07,0,1,mobile,0
CUST00484,Country_H,low,0,22,14,11190.57,0.29,0.19,0,1,online,0
CUST00485,Country_H,low,0,35,17,30518.66,0.25,0.18,0,1,mobile,0
CUST00486,Country_B,high,0,40,14,983.43,0.34,0.04,0,1,online,1
CUST00487,Country_J,low,0,33,15,1852.18,0.02,0.11,0,1,online,0
CUST00488,Country_H,low,0,69,15,6671.35,0.33,0.52,0,1,mobile,0
CUST00489,Country_J,low,0,53,14,48795.05,0.25,0.29,0,1,online,0
CUST00490,Country_E,medium,1,7,12,11983.79,0.09,0.09,0,0,mobile,1
CUST00491,Country_D,medium,0,18,12,24157.07,0.19,0.11,0,1,branch,0
CUST00492,Country_J,low,0,27,17,4593.21,0.3,0.45,0,1,mobile,0
CUST00493,Country_E,medium,1,0,11,3206.12,0.04,0.04,0,1,online,0
CUST00494,Country_I,low,0,123,20,15445.11,0.03,0.48,0,1,mobile,0
CUST00495,Country_G,low,0,6,12,2031.2,0.16,0.05,0,1,online,0
CUST00496,Country_J,low,0,9,15,1222.71,0.38,0.08,0,1,mobile,0
CUST00497,Country_F,low,0,8,24,2096.23,0.06,0.18,0,1,mobile,0
CUST00498,Country_A,high,0,25,10,15445.43,0.17,0.09,0,1,branch,0
CUST00499,Country_H,low,0,47,14,5166.66,0.46,0.19,0,1,online,0
CUST00500,Country_D,medium,0,23,20,5432.69,0.32,0.25,0,1,online,0
CUST00501,Country_G,low,0,1,16,2817.56,0.08,0.24,0,1,mobile,0
CUST00502,Country_G,low,0,5,18,3895.97,0.11,0.27,0,1,branch,0
CUST00503,Country_F,low,0,24,11,1887.54,0.36,0.48,0,0,mobile,0
CUST00504,Country_G,low,0,46,17,4068.26,0.02,0.14,0,1,online,0
CUST00505,Country_D,medium,0,18,18,4659.57,0.05,0.1,0,1,online,0
CUST00506,Country_I,low,0,45,14,1548.14,0.46,0.15,0,1,branch,0
CUST00507,Country_G,low,0,0,16,3388.72,0.09,0.48,0,0,online,0
CUST00508,Country_B,high,0,6,20,97957.04,0.31,0.04,0,1,online,1
CUST00509,Country_J,low,0,8,14,26001.6,0.08,0.18,0,1,online,0
CUST00510,Country_B,high,0,53,18,1054.79,0.14,0.19,0,1,mobile,0
CUST00511,Country_H,low,0,45,14,282.52,0.41,0.34,0,1,online,0
CUST00512,Country_A,high,0,19,14,1681.51,0.33,0.04,0,1,mobile,0
CUST00513,Country_C,high,0,0,16,3083.68,0.28,0.21,0,0,online,1
CUST00514,Country_D,medium,0,5,19,5716.43,0.26,0.01,0,1,online,0
CUST00515,Country_G,low,1,0,19,9896.43,0.13,0.06,0,1,branch,0
CUST00516,Country_E,medium,0,62,18,5467.11,0.29,0.13,0,1,online,0
CUST00517,Country_F,low,0,17,17,1930.31,0.13,0.24,0,1,branch,0
CUST00518,Country_F,low,0,50,14,389.22,0.18,0.01,0,1,online,0
CUST00519,Country_J,low,0,18,12,6418.27,0.2,0.37,0,1,online,0
CUST00520,Country_F,low,0,14,11,6234.2,0.42,0.14,0,1,mobile,0
CUST00521,Country_G,low,0,110,14,4883.88,0.29,0.25,0,1,mobile,0
CUST00522,Country_F,low,0,16,18,2962.82,0.33,0.32,0,0,mobile,0
CUST00523,Country_E,medium,0,19,16,10082.08,0.33,0.09,0,1,online,0
CUST00524,Country_G,low,0,33,16,15745.61,0.19,0.12,0,1,mobile,0
CUST00525,Country_D,medium,0,42,18,6395.69,0.16,0.21,0,1,online,0
CUST00526,Country_I,low,0,25,14,7068.01,0.24,0.15,0,1,branch,0
CUST00527,Country_H,low,0,6,18,2502.17,0.48,0.04,0,1,branch,0
CUST00528,Country_F,low,0,10,13,11265.7,0.25,0.28,0,1,online,0
CUST00529,Country_H,low,0,57,13,3683.27,0.07,0.17,0,1,online,0
CUST00530,Country_E,medium,0,162,13,5860.43,0.14,0.19,0,1,mobile,0
CUST00531,Country_B,high,0,6,9,17639.68,0.04,0.02,0,1,online,0
CUST00532,Country_B,high,0,11,15,6376.04,0.12,0.19,0,1,mobile,0
CUST00533,Country_F,low,0,26,14,33864.93,0.2,0.09,0,1,branch,0
CUST00534,Country_I,low,0,45,12,6773.02,0.06,0.3,0,1,online,0
CUST00535,Country_F,low,0,28,10,6393.99,0.5,0.2,0,1,online,0
CUST00536,Country_A,high,0,43,11,1468.33,0.12,0.32,0,1,mobile,1
CUST00537,Country_G,low,0,70,10,2879.66,0.21,0.23,0,1,branch,0
CUST00538,Country_D,medium,0,35,12,2822.69,0.13,0.03,0,0,mobile,0
CUST00539,Country_F,low,0,17,15,6062.82,0.16,0.26,0,1,online,0
CUST00540,Country_G,low,0,19,13,1697.51,0.19,0.23,0,1,online,0
CUST00541,Country_B,high,0,1,13,19186.4,0.07,0.33,0,1,online,0
CUST00542,Country_I,low,0,22,10,5715.69,0.2,0.12,0,1,branch,0
CUST00543,Country_C,high,0,94,11,17205.45,0.24,0.18,0,1,online,1
CUST00544,Country_E,medium,0,39,13,36082.23,0.08,0.21,0,1,mobile,0
CUST00545,Country_F,low,0,64,18,27873.29,0.15,0.02,1,0,branch,1
CUST00546,Country_E,medium,0,8,13,6719.88,0.16,0.03,0,0,branch,0
CUST00547,Country_H,low,0,27,16,8429.58,0.45,0.29,0,1,online,0
CUST00548,Country_I,low,0,18,19,2290.49,0.25,0.11,0,1,online,0
CUST00549,Country_B,high,0,27,11,39982.75,0.19,0.07,0,1,mobile,0
CUST00550,Country_I,low,0,5,10,26256.49,0.12,0.29,0,1,mobile,0
CUST00551,Country_J,low,0,18,16,4683.34,0.32,0.32,0,1,online,0
CUST00552,Country_F,low,0,2,20,25571.16,0.25,0.36,0,1,mobile,0
CUST00553,Country_F,low,0,58,12,15620.92,0.18,0.03,0,1,mobile,0
CUST00554,Country_I,low,0,15,13,21096.55,0.38,0.03,0,1,mobile,0
CUST00555,Country_E,medium,0,51,16,1055.43,0.44,0.33,0,1,mobile,0
CUST00556,Country_F,low,0,84,16,2511.07,0.03,0.27,0,1,branch,0
CUST00557,Country_I,low,0,13,12,35307.51,0.18,0.05,0,1,branch,0
CUST00558,Country_H,low,0,163,14,22297.55,0.32,0.13,0,1,mobile,0
CUST00559,Country_H,low,0,16,19,1202.06,0.09,0.12,0,1,mobile,0
CUST00560,Country_I,low,0,19,12,253.55,0.34,0.29,0,1,branch,0
CUST00561,Country_F,low,0,5,17,910.79,0.07,0.09,0,1,online,0
CUST00562,Country_F,low,0,9,24,913.72,0.21,0.07,0,0,online,0
CUST00563,Country_G,low,0,12,18,4277.63,0.18,0.23,0,1,online,0
CUST00564,Country_C,high,0,0,13,5062.38,0.2,0.02,0,1,online,1
CUST00565,Country_H,low,0,51,14,7615.76,0.35,0.12,0,1,branch,0
CUST00566,Country_G,low,0,64,22,5709.83,0.35,0.08,0,1,mobile,0
CUST00567,Country_F,low,0,3,10,1505.58,0.02,0.16,0,0,mobile,0
CUST00568,Country_F,low,0,2,15,16370.6,0.37,0.16,0,1,branch,0
CUST00569,Country_I,low,0,2,16,3046.14,0.39,0.26,0,1,mobile,0
CUST00570,Country_J,low,0,25,15,4263.28,0.18,0.64,0,1,mobile,0
CUST00571,Country_C,high,0,33,23,4341.72,0.21,0.22,0,1,branch,0
CUST00572,Country_E,medium,0,13,18,888.99,0.15,0.1,0,1,online,0
CUST00573,Country_F,low,0,57,7,2378.79,0.17,0.39,0,1,mobile,0
CUST00574,Country_G,low,0,19,22,36448.65,0.12,0.24,0,1,branch,0
CUST00575,Country_H,low,0,10,19,8681.33,0.04,0.15,0,1,mobile,0
CUST00576,Country_H,low,0,1,12,2424.66,0.02,0.02,0,1,mobile,0
CUST00577,Country_E,medium,0,28,14,3167.71,0.11,0.13,0,1,online,0
CUST00578,Country_J,low,0,16,10,29914.18,0.34,0.06,0,1,mobile,0
CUST00579,Country_F,low,0,3,16,311.12,0.04,0.17,0,1,branch,0
CUST00580,Country_J,low,0,19,17,18310.18,0.13,0.18,1,1,mobile,0
CUST00581,Country_G,low,0,14,16,22114.88,0.16,0.26,1,1,mobile,0
CUST00582,Country_J,low,0,27,19,9408.41,0.19,0.37,0,1,online,0
CUST00583,Country_H,low,0,8,10,2364.14,0.18,0.22,0,1,branch,0
CUST00584,Country_I,low,0,6,22,7427.9,0.09,0.36,0,1,online,0
CUST00585,Country_A,high,0,50,10,55328.49,0.1,0.19,0,0,mobile,0
CUST00586,Country_H,low,0,13,11,4646.36,0.32,0.29,0,1,mobile,0
CUST00587,Country_J,low,0,46,18,5335.77,0.28,0.29,0,1,online,0
CUST00588,Country_I,low,0,12,11,17273.4,0.04,0.15,0,1,branch,0
CUST00589,Country_F,low,0,2,15,18836.91,0.15,0.14,0,1,mobile,0
CUST00590,Country_E,medium,0,27,16,1979.88,0.11,0.09,0,1,online,0
CUST00591,Country_G,low,0,44,23,2253.89,0.18,0.44,0,1,branch,0
CUST00592,Country_D,medium,0,45,26,2280.13,0.13,0.2,0,1,online,0
CUST00593,Country_C,high,0,5,19,3078.51,0.28,0.18,0,1,mobile,0
CUST00594,Country_J,low,0,90,13,22356.45,0.04,0.04,0,1,branch,0
CUST00595,Country_F,low,0,5,15,8703.6,0.01,0.31,0,1,online,0
CUST00596,Country_I,low,0,16,19,11218.34,0.09,0.38,0,1,mobile,0
CUST00597,Country_G,low,0,10,23,6378.48,0.02,0.09,0,1,online,0
CUST00598,Country_H,low,0,9,19,20538.5,0.44,0.42,0,1,branch,0
CUST00599,Country_A,high,0,8,20,8107.68,0.31,0.24,0,0,online,0
CUST00600,Country_H,low,0,16,8,5252.42,0.19,0.2,0,1,branch,0
CUST00601,Country_H,low,0,3,12,12617.94,0.21,0.09,0,1,branch,0
CUST00602,Country_H,low,0,27,11,2072.97,0.22,0.21,0,1,branch,0
CUST00603,Country_H,low,0,4,15,19803.64,0.08,0.05,0,1,online,0
CUST00604,Country_I,low,0,9,12,25927.46,0.21,0.25,0,1,branch,0
CUST00605,Country_H,low,0,6,15,5419.33,0.24,0.24,0,1,branch,0
CUST00606,Country_D,medium,1,21,9,1633.64,0.13,0.18,0,1,online,1
CUST00607,Country_H,low,0,3,15,28338.17,0.12,0.02,0,0,branch,0
CUST00608,Country_E,medium,0,94,12,450.97,0.29,0.2,0,1,online,0
CUST00609,Country_G,low,0,125,16,6711.55,0.3,0.12,0,1,online,0
CUST00610,Country_G,low,0,8,19,5445.62,0.5,0.06,0,1,branch,0
CUST00611,Country_D,medium,0,5,15,23175.73,0.27,0.51,0,1,branch,0
CUST00612,Country_I,low,0,130,13,4177.81,0.21,0.35,0,1,branch,0
CUST00613,Country_H,low,0,16,18,1861.19,0.23,0.02,0,1,mobile,0
CUST00614,Country_J,low,0,12,20,4554.12,0.14,0.21,0,1,mobile,0
CUST00615,Country_F,low,0,38,10,7931.23,0.15,0.03,0,1,mobile,0
CUST00616,Country_J,low,0,16,13,2716.37,0.14,0.22,0,1,online,0
CUST00617,Country_H,low,0,3,19,4376.16,0.03,0.15,0,1,online,0
CUST00618,Country_E,medium,0,83,15,14613.12,0.1,0.29,0,1,mobile,0
CUST00619,Country_D,medium,0,13,21,4972.31,0.12,0.21,0,0,online,0
CUST00620,Country_I,low,0,86,19,5347.83,0.2,0.17,0,1,online,0
CUST00621,Country_J,low,0,4,16,4589.06,0.14,0.02,0,1,mobile,0
CUST00622,Country_G,low,0,20,17,2663.6,0.19,0.2,0,1,online,0
CUST00623,Country_F,low,0,21,10,12103.37,0.22,0.05,1,1,branch,0
CUST00624,Country_G,low,0,47,23,1013.02,0.11,0.13,0,1,mobile,0
CUST00625,Country_J,low,0,3,14,6664.27,0.36,0.03,0,1,mobile,0
CUST00626,Country_C,high,0,39,13,10609.53,0.1,0.46,0,1,online,0
CUST00627,Country_G,low,0,6,22,8583.34,0.33,0.24,0,1,online,0
CUST00628,Country_I,low,0,20,15,509.61,0.05,0.16,0,1,mobile,0
CUST00629,Country_I,low,0,3,15,28843.8,0.58,0.32,0,1,branch,0
CUST00630,Country_J,low,0,33,13,227.8,0.14,0.3,1,1,online,0
CUST00631,Country_G,low,0,28,9,1360.79,0.05,0.18,0,1,branch,0
CUST00632,Country_B,high,0,94,15,7431.47,0.39,0.09,0,0,online,1
CUST00633,Country_G,low,0,15,13,13343.34,0.35,0.1,1,1,mobile,0
CUST00634,Country_J,low,0,2,23,4670.77,0.09,0.43,0,1,mobile,0
CUST00635,Country_H,low,0,11,13,16427.81,0.17,0.03,0,1,online,0
CUST00636,Country_G,low,0,9,18,66770.84,0.2,0.47,0,1,branch,0
CUST00637,Country_J,low,0,20,11,9378.86,0.28,0.1,0,1,branch,0
CUST00638,Country_I,low,0,15,16,1058.53,0.05,0.27,0,1,mobile,0
CUST00639,Country_G,low,0,40,12,10105.4,0.12,0.04,0,1,mobile,0
CUST00640,Country_J,low,0,3,15,2052.03,0.08,0.06,0,1,branch,0
CUST00641,Country_E,medium,0,18,15,1755.52,0.17,0.11,0,1,branch,0
CUST00642,Country_G,low,0,17,17,30128.86,0.21,0.29,0,1,online,0
CUST00643,Country_G,low,0,60,16,2142.28,0.09,0.11,0,1,mobile,0
CUST00644,Country_E,medium,0,4,12,56331.8,0.32,0.31,0,1,mobile,0
CUST00645,Country_J,low,0,44,17,896.93,0.39,0.14,0,1,branch,0
CUST00646,Country_J,low,0,52,17,9367.24,0.53,0.38,0,1,online,0
CUST00647,Country_J,low,0,11,12,7693.83,0.03,0.14,0,1,mobile,0
CUST00648,Country_F,low,1,32,16,18454.52,0.24,0.02,0,1,mobile,0
CUST00649,Country_G,low,0,27,12,19685.9,0.12,0.41,0,1,mobile,0
CUST00650,Country_B,high,0,8,15,4617.28,0.1,0.15,0,1,online,0
CUST00651,Country_E,medium,0,69,12,4129.97,0.13,0.36,0,1,mobile,0
CUST00652,Country_J,low,0,31,13,2349.05,0.06,0.08,0,1,mobile,0
CUST00653,Country_J,low,0,11,19,3281.37,0.2,0.38,0,1,online,0
CUST00654,Country_J,low,0,58,13,2029.42,0.14,0.33,1,1,mobile,0
CUST00655,Country_F,low,0,14,10,9056.62,0.03,0.12,0,0,mobile,0
CUST00656,Country_J,low,0,6,13,3153.19,0.05,0.13,0,0,mobile,0
CUST00657,Country_G,low,0,28,10,5614.21,0.26,0.35,0,1,online,0
CUST00658,Country_I,low,0,73,14,3623.13,0.23,0.45,0,1,online,0
CUST00659,Country_H,low,0,2,6,3503.01,0.38,0.2,0,1,mobile,0
CUST00660,Country_H,low,0,2,23,3655.89,0.15,0.35,0,1,online,0
CUST00661,Country_D,medium,0,0,15,436.46,0.44,0.19,0,1,mobile,0
CUST00662,Country_H,low,0,3,11,1106.51,0.09,0.04,0,1,online,0
CUST00663,Country_G,low,0,25,20,7032.54,0.16,0.16,0,1,mobile,0
CUST00664,Country_G,low,1,10,17,3701.35,0.38,0.32,0,1,mobile,0
CUST00665,Country_H,low,0,10,9,1267.16,0.48,0.13,0,1,online,0
CUST00666,Country_F,low,0,26,14,17263.7,0.46,0.15,0,0,branch,0
CUST00667,Country_F,low,0,2,17,19887.03,0.08,0.07,0,1,online,0
CUST00668,Country_J,low,0,26,15,8626.75,0.07,0.47,0,1,branch,0
CUST00669,Country_D,medium,0,29,9,2089.52,0.34,0.07,0,1,branch,0
CUST00670,Country_C,high,0,10,23,18353.58,0.21,0.04,1,1,online,1
CUST00671,Country_F,low,1,59,14,1960.79,0.35,0.18,0,1,mobile,0
CUST00672,Country_D,medium,0,0,17,244.78,0.12,0.04,0,1,mobile,0
CUST00673,Country_E,medium,0,6,16,4165.9,0.32,0.4,0,1,online,0
CUST00674,Country_J,low,0,19,12,5122.53,0.34,0.17,0,1,mobile,0
CUST00675,Country_I,low,0,4,16,2175.95,0.07,0.1,0,1,branch,0
CUST00676,Country_G,low,0,29,12,1575.63,0.2,0.54,0,1,mobile,0
CUST00677,Country_J,low,0,0,15,8193.09,0.14,0.15,0,0,mobile,0
CUST00678,Country_H,low,0,6,11,198.99,0.14,0.45,0,1,online,0
CUST00679,Country_H,low,0,24,13,23695.9,0.42,0.05,0,1,online,0
CUST00680,Country_G,low,0,77,12,2010.08,0.12,0.02,0,0,online,0
CUST00681,Country_C,high,0,35,20,436.19,0.06,0.23,0,1,online,0
CUST00682,Country_D,medium,0,35,17,13433.12,0.09,0.08,0,1,online,0
CUST00683,Country_G,low,0,94,15,28846.74,0.46,0.11,0,1,branch,0
CUST00684,Country_F,low,0,1,14,2839.4,0.09,0.74,0,1,online,0
CUST00685,Country_I,low,0,55,14,28550.27,0.06,0.25,0,1,online,0
CUST00686,Country_J,low,0,16,12,24742.67,0.16,0.39,0,1,mobile,0
CUST00687,Country_H,low,0,1,15,425.4,0.34,0.47,0,1,branch,0
CUST00688,Country_B,high,0,9,17,3220.5,0.15,0.34,0,1,mobile,1
CUST00689,Country_J,low,0,2,14,9148.44,0.26,0.02,0,1,branch,0
CUST00690,Country_G,low,0,9,15,5682.27,0.27,0.08,0,1,online,0
CUST00691,Country_H,low,0,8,10,4862.03,0.06,0.02,0,1,mobile,0
CUST00692,Country_J,low,0,31,11,5456.87,0.06,0.13,0,1,online,0
CUST00693,Country_J,low,0,24,11,3261.45,0.18,0.15,0,1,branch,0
CUST00694,Country_D,medium,0,37,21,4918.12,0.07,0.16,0,1,online,0
CUST00695,Country_E,medium,0,2,17,22578.3,0.5,0.34,0,1,online,0
CUST00696,Country_J,low,0,13,16,5793.45,0.11,0.61,0,1,online,0
CUST00697,Country_I,low,1,20,17,19153.18,0.05,0.33,0,1,mobile,0
CUST00698,Country_D,medium,0,17,12,24352.47,0.41,0.03,0,1,mobile,0
CUST00699,Country_H,low,0,34,12,573.62,0.03,0.34,0,1,branch,0
CUST00700,Country_D,medium,0,38,14,3226.25,0.21,0.2,0,1,online,0
CUST00701,Country_D,medium,0,9,20,5202.37,0.08,0.15,0,1,mobile,0
CUST00702,Country_I,low,0,17,17,3387.59,0.15,0.12,0,1,mobile,0
CUST00703,Country_H,low,0,9,15,3647.67,0.04,0.5,0,1,mobile,0
CUST00704,Country_F,low,0,34,16,1527.39,0.02,0.06,0,1,branch,0
CUST00705,Country_D,medium,0,29,12,4190.12,0.34,0.14,0,1,mobile,0
CUST00706,Country_J,low,0,16,14,1219.12,0.14,0.08,0,1,mobile,0
CUST00707,Country_F,low,0,12,15,5684.11,0.34,0.21,0,1,online,0
CUST00708,Country_A,high,0,20,15,1190.89,0.09,0.23,0,1,branch,0
CUST00709,Country_G,low,0,16,14,7527.55,0.27,0.13,0,1,online,0
CUST00710,Country_F,low,0,32,15,7492.41,0.29,0.05,0,1,online,0
CUST00711,Country_G,low,0,5,17,1291.46,0.02,0.26,0,1,online,0
CUST00712,Country_A,high,0,26,17,1501.87,0.09,0.42,0,1,branch,0
CUST00713,Country_G,low,0,48,9,28474.35,0.39,0.31,0,1,branch,0
CUST00714,Country_G,low,0,13,14,685.26,0.1,0.17,0,1,mobile,0
CUST00715,Country_F,low,0,60,17,2454.93,0.31,0.02,0,1,mobile,0
CUST00716,Country_F,low,0,1,9,12479.65,0.34,0.08,0,1,online,0
CUST00717,Country_D,medium,0,10,21,9142.37,0.12,0.3,0,1,branch,0
CUST00718,Country_E,medium,0,25,19,2726.48,0.26,0.18,0,1,branch,0
CUST00719,Country_D,medium,0,14,15,961.03,0.2,0.15,0,1,mobile,0
CUST00720,Country_I,low,0,20,14,2176.19,0.18,0.03,0,1,online,0
CUST00721,Country_G,low,0,26,13,5364.98,0.08,0.27,0,1,branch,0
CUST00722,Country_E,medium,0,6,19,1672.97,0.27,0.23,0,1,mobile,0
CUST00723,Country_E,medium,0,72,12,2168.36,0.3,0.38,0,1,online,0
CUST00724,Country_E,medium,0,29,18,1487.21,0.06,0.19,0,0,branch,0
CUST00725,Country_F,low,0,31,14,7909.72,0.03,0.51,0,1,online,0
CUST00726,Country_J,low,0,5,10,13415.44,0.11,0.57,0,1,online,0
CUST00727,Country_C,high,0,17,15,16806.2,0.02,0.17,0,1,branch,0
CUST00728,Country_E,medium,0,18,23,3010.36,0.14,0.38,0,1,branch,0
CUST00729,Country_E,medium,0,29,18,1880.31,0.2,0.15,0,1,online,0
CUST00730,Country_F,low,0,24,11,6262.45,0.26,0.38,0,1,online,0
CUST00731,Country_G,low,0,15,12,5701.28,0.1,0.34,0,1,mobile,0
CUST00732,Country_G,low,0,57,17,4952.11,0.3,0.39,0,1,online,0
CUST00733,Country_I,low,0,11,6,505.54,0.09,0.17,0,1,branch,0
CUST00734,Country_C,high,0,38,9,2777.06,0.09,0.12,0,1,branch,0
CUST00735,Country_I,low,0,30,9,4164.95,0.3,0.25,0,1,mobile,0
CUST00736,Country_E,medium,0,2,9,3460.8,0.27,0.33,0,1,mobile,0
CUST00737,Country_G,low,0,20,9,1119.05,0.28,0.45,0,1,branch,0
CUST00738,Country_I,low,0,18,18,1039.06,0.29,0.08,0,1,mobile,0
CUST00739,Country_G,low,0,8,14,4072.81,0.04,0.3,0,1,online,0
CUST00740,Country_F,low,0,33,18,4197.0,0.22,0.21,0,1,mobile,0
CUST00741,Country_G,low,0,41,19,1700.95,0.04,0.45,0,1,online,0
CUST00742,Country_E,medium,0,8,19,2513.9,0.27,0.39,0,1,online,0
CUST00743,Country_H,low,0,114,9,5512.57,0.26,0.5,0,1,online,0
CUST00744,Country_I,low,0,42,5,3426.16,0.18,0.44,0,1,branch,0
CUST00745,Country_F,low,0,1,8,31649.47,0.17,0.38,0,1,branch,0
CUST00746,Country_H,low,0,12,20,652.49,0.02,0.05,0,1,mobile,0
CUST00747,Country_B,high,0,28,11,14964.15,0.09,0.6,0,1,online,1
CUST00748,Country_G,low,0,26,20,5622.12,0.33,0.04,0,1,branch,0
CUST00749,Country_J,low,0,9,21,1445.16,0.27,0.09,0,1,online,0
CUST00750,Country_D,medium,0,20,14,19354.79,0.23,0.38,0,1,mobile,0
CUST00751,Country_F,low,0,47,17,4632.67,0.18,0.43,0,1,mobile,0
CUST00752,Country_J,low,0,0,8,4328.32,0.13,0.39,0,1,mobile,0
CUST00753,Country_H,low,0,4,7,291.11,0.4,0.5,0,1,mobile,0
CUST00754,Country_B,high,0,2,19,965.52,0.3,0.27,0,1,branch,0
CUST00755,Country_J,low,0,4,14,21669.36,0.16,0.22,0,1,mobile,0
CUST00756,Country_I,low,0,2,12,56003.39,0.1,0.31,0,1,branch,0
CUST00757,Country_F,low,0,38,15,408.98,0.33,0.37,0,1,branch,0
CUST00758,Country_F,low,0,34,17,141.17,0.05,0.07,0,1,online,0
CUST00759,Country_D,medium,0,1,16,39921.61,0.27,0.37,0,1,branch,0
CUST00760,Country_H,low,0,29,15,10264.62,0.3,0.09,0,1,mobile,0
CUST00761,Country_A,high,0,49,25,1457.17,0.24,0.13,0,1,branch,0
CUST00762,Country_H,low,0,24,13,4807.09,0.15,0.26,0,0,mobile,0
CUST00763,Country_G,low,0,47,15,3135.13,0.17,0.05,0,1,online,0
CUST00764,Country_H,low,0,42,12,3706.91,0.11,0.12,0,1,branch,0
CUST00765,Country_F,low,0,0,17,24064.01,0.31,0.2,0,1,mobile,0
CUST00766,Country_I,low,0,92,16,7807.09,0.16,0.11,0,1,mobile,0
CUST00767,Country_C,high,0,20,16,6540.67,0.08,0.15,0,1,branch,0
CUST00768,Country_G,low,0,1,20,5598.49,0.16,0.17,0,1,online,0
CUST00769,Country_H,low,0,32,17,20296.19,0.48,0.15,0,1,branch,0
CUST00770,Country_B,high,0,17,12,10306.75,0.26,0.26,0,1,branch,0
CUST00771,Country_H,low,0,1,22,3975.69,0.18,0.3,0,1,mobile,0
CUST00772,Country_J,low,0,14,21,22137.24,0.03,0.53,0,1,mobile,0
CUST00773,Country_H,low,0,27,16,38295.33,0.11,0.21,0,1,mobile,0
CUST00774,Country_F,low,0,19,23,8027.16,0.18,0.27,0,1,mobile,0
CUST00775,Country_H,low,0,22,15,2003.75,0.41,0.22,0,1,online,0
CUST00776,Country_F,low,0,99,14,1437.78,0.25,0.18,0,1,online,0
CUST00777,Country_F,low,0,12,11,3466.67,0.1,0.27,0,1,mobile,0
CUST00778,Country_D,medium,0,11,14,5334.86,0.15,0.4,0,1,online,0
CUST00779,Country_H,low,0,37,10,26872.78,0.42,0.23,1,1,online,0
CUST00780,Country_H,low,0,21,19,1852.71,0.15,0.27,0,1,mobile,0
CUST00781,Country_J,low,0,43,12,3019.05,0.31,0.16,0,1,mobile,0
CUST00782,Country_G,low,0,13,6,4609.42,0.04,0.25,0,1,mobile,0
CUST00783,Country_G,low,0,2,10,46903.02,0.38,0.29,0,1,mobile,0
CUST00784,Country_F,low,0,18,16,8046.58,0.11,0.05,0,1,online,0
CUST00785,Country_G,low,0,35,21,1051.89,0.04,0.39,0,1,branch,0
CUST00786,Country_I,low,0,4,12,1144.02,0.16,0.29,0,1,online,0
CUST00787,Country_F,low,0,39,14,576.25,0.22,0.41,0,0,mobile,0
CUST00788,Country_D,medium,0,7,10,4992.8,0.19,0.29,1,1,mobile,0
CUST00789,Country_C,high,0,2,14,46841.16,0.04,0.05,0,1,mobile,0
CUST00790,Country_G,low,0,134,21,914.29,0.15,0.17,0,1,mobile,0
CUST00791,Country_J,low,0,88,13,5902.89,0.64,0.45,0,1,branch,0
CUST00792,Country_A,high,0,0,19,5854.34,0.27,0.03,0,1,branch,0
CUST00793,Country_D,medium,0,0,17,15154.07,0.24,0.09,0,1,mobile,0
CUST00794,Country_G,low,0,18,14,4098.46,0.17,0.24,0,1,mobile,0
CUST00795,Country_H,low,1,55,19,2098.82,0.31,0.31,0,1,online,1
CUST00796,Country_A,high,1,4,15,1261.81,0.34,0.07,0,1,mobile,1
CUST00797,Country_G,low,0,46,16,3051.35,0.13,0.05,0,1,mobile,0
CUST00798,Country_F,low,0,1,10,5132.96,0.41,0.15,0,0,branch,0
CUST00799,Country_C,high,0,61,13,7243.96,0.2,0.12,0,1,online,0
CUST00800,Country_I,low,0,51,12,1335.76,0.24,0.23,0,1,branch,0
CUST00801,Country_F,low,0,12,15,180.52,0.27,0.3,0,1,branch,0
CUST00802,Country_I,low,0,33,16,9243.61,0.19,0.09,0,1,branch,0
CUST00803,Country_I,low,0,29,15,3813.21,0.11,0.07,0,1,branch,0
CUST00804,Country_G,low,0,9,18,120184.22,0.13,0.45,0,1,mobile,1
CUST00805,Country_I,low,0,11,17,2212.13,0.07,0.34,0,1,mobile,0
CUST00806,Country_H,low,0,14,10,2085.46,0.09,0.22,0,1,mobile,0
CUST00807,Country_I,low,0,16,13,4654.71,0.34,0.09,0,1,online,0
CUST00808,Country_C,high,0,2,15,3011.96,0.35,0.01,0,1,mobile,0
CUST00809,Country_F,low,0,0,16,20996.07,0.1,0.26,0,0,branch,0
CUST00810,Country_G,low,0,4,24,2874.54,0.09,0.35,0,1,branch,0
CUST00811,Country_J,low,0,1,20,2743.25,0.29,0.24,0,1,branch,0
CUST00812,Country_F,low,0,29,17,4437.3,0.33,0.35,0,1,online,0
CUST00813,Country_H,low,0,31,13,4275.85,0.16,0.22,0,1,online,0
CUST00814,Country_H,low,0,13,16,9584.57,0.27,0.32,0,1,online,0
CUST00815,Country_I,low,0,3,12,5106.31,0.35,0.23,0,1,mobile,0
CUST00816,Country_J,low,0,3,13,2235.84,0.07,0.18,0,1,mobile,0
CUST00817,Country_A,high,0,20,14,2116.27,0.12,0.12,0,1,mobile,1
CUST00818,Country_H,low,0,112,15,6930.73,0.17,0.19,0,1,mobile,0
CUST00819,Country_H,low,0,3,15,13829.53,0.18,0.16,0,1,mobile,0
CUST00820,Country_J,low,0,9,12,19482.91,0.05,0.15,0,1,mobile,0
CUST00821,Country_F,low,0,32,11,8209.76,0.14,0.01,0,1,branch,0
CUST00822,Country_H,low,0,12,12,11393.84,0.38,0.08,0,1,branch,0
CUST00823,Country_J,low,0,10,12,39183.9,0.07,0.28,0,0,online,0
CUST00824,Country_F,low,0,94,21,9825.67,0.19,0.43,0,1,branch,0
CUST00825,Country_J,low,0,21,16,6677.99,0.23,0.05,0,1,online,0
CUST00826,Country_I,low,0,14,18,10369.74,0.12,0.33,1,1,online,0
CUST00827,Country_E,medium,0,62,9,1147.46,0.43,0.22,0,1,branch,0
CUST00828,Country_A,high,0,7,13,15267.82,0.04,0.06,0,0,branch,1
CUST00829,Country_J,low,0,3,12,17642.49,0.34,0.35,0,0,branch,0
CUST00830,Country_J,low,0,17,12,1622.46,0.58,0.25,0,1,branch,0
CUST00831,Country_H,low,0,97,12,14646.72,0.05,0.17,0,1,branch,0
CUST00832,Country_J,low,1,3,15,1101.4,0.13,0.05,0,1,online,0
CUST00833,Country_J,low,0,48,17,56894.63,0.19,0.09,0,1,online,0
CUST00834,Country_G,low,0,3,23,3861.74,0.12,0.21,0,1,mobile,0
CUST00835,Country_F,low,0,1,23,4139.45,0.18,0.21,0,1,branch,0
CUST00836,Country_F,low,0,22,14,3684.76,0.35,0.11,0,1,online,0
CUST00837,Country_B,high,0,9,14,2085.91,0.58,0.17,0,1,branch,0
CUST00838,Country_I,low,0,4,10,7241.28,0.05,0.32,0,1,branch,0
CUST00839,Country_I,low,0,13,13,921.08,0.34,0.44,0,1,mobile,0
CUST00840,Country_F,low,0,83,13,5627.14,0.16,0.21,0,1,branch,0
CUST00841,Country_C,high,0,124,10,5055.65,0.22,0.09,0,0,mobile,0
CUST00842,Country_D,medium,0,32,17,2634.44,0.14,0.3,0,1,branch,0
CUST00843,Country_J,low,0,9,18,1586.54,0.04,0.21,0,1,mobile,0
CUST00844,Country_G,low,0,13,11,7577.97,0.1,0.22,0,1,mobile,0
CUST00845,Country_G,low,0,63,13,15047.63,0.15,0.06,0,1,online,0
CUST00846,Country_H,low,0,20,19,11883.27,0.44,0.15,0,1,online,0
CUST00847,Country_E,medium,0,14,20,1104.71,0.32,0.49,0,1,branch,0
CUST00848,Country_J,low,1,4,13,6440.94,0.15,0.13,1,1,online,1
CUST00849,Country_B,high,0,0,15,5575.48,0.06,0.38,0,1,mobile,0
CUST00850,Country_G,low,0,1,19,4511.99,0.31,0.16,0,1,online,0
CUST00851,Country_H,low,0,29,15,3216.58,0.17,0.34,0,1,mobile,0
CUST00852,Country_F,low,0,1,12,3180.95,0.1,0.14,0,1,online,0
CUST00853,Country_I,low,0,30,18,1917.05,0.24,0.04,0,1,online,0
CUST00854,Country_D,medium,0,2,18,10393.11,0.18,0.45,0,1,branch,0
CUST00855,Country_G,low,0,9,18,547.6,0.09,0.03,0,1,mobile,0
CUST00856,Country_J,low,0,24,23,1131.18,0.46,0.34,0,1,mobile,0
CUST00857,Country_I,low,0,13,17,1889.46,0.32,0.41,1,1,online,0
CUST00858,Country_G,low,0,19,18,1428.46,0.41,0.27,0,1,online,0
CUST00859,Country_I,low,0,11,13,6976.94,0.17,0.31,0,1,branch,0
CUST00860,Country_B,high,0,32,15,41153.67,0.23,0.24,0,1,online,0
CUST00861,Country_I,low,0,34,20,12527.0,0.49,0.04,0,1,branch,0
CUST00862,Country_J,low,0,30,16,2866.99,0.28,0.28,0,1,online,0
CUST00863,Country_F,low,0,37,15,4436.27,0.21,0.08,0,1,branch,0
CUST00864,Country_C,high,0,23,9,31523.16,0.26,0.25,0,1,mobile,0
CUST00865,Country_E,medium,0,1,13,22261.89,0.08,0.35,0,1,branch,0
CUST00866,Country_F,low,0,2,17,695.8,0.18,0.29,0,1,mobile,0
CUST00867,Country_I,low,0,26,15,937.76,0.31,0.35,0,1,branch,0
CUST00868,Country_F,low,0,43,13,592.36,0.12,0.45,0,0,online,0
CUST00869,Country_G,low,0,23,18,8888.63,0.02,0.03,0,1,branch,0
CUST00870,Country_H,low,0,12,16,2584.02,0.19,0.07,0,1,online,0
CUST00871,Country_H,low,0,10,18,5419.6,0.56,0.35,0,1,mobile,0
CUST00872,Country_J,low,0,4,15,3628.52,0.07,0.27,0,1,branch,0
CUST00873,Country_H,low,0,51,15,5414.01,0.11,0.17,0,1,mobile,0
CUST00874,Country_I,low,0,22,19,8195.31,0.18,0.21,0,1,online,0
CUST00875,Country_J,low,0,34,21,591.04,0.16,0.18,0,1,mobile,0
CUST00876,Country_G,low,0,3,12,7375.12,0.15,0.44,0,1,branch,0
CUST00877,Country_J,low,0,2,21,3233.4,0.21,0.13,0,1,branch,0
CUST00878,Country_A,high,0,17,18,3104.89,0.28,0.2,0,1,mobile,0
CUST00879,Country_J,low,0,48,21,659.43,0.25,0.05,0,1,mobile,0
CUST00880,Country_G,low,0,0,20,28525.32,0.12,0.12,0,1,mobile,0
CUST00881,Country_D,medium,0,24,13,11376.3,0.48,0.06,0,1,mobile,0
CUST00882,Country_A,high,0,9,22,10026.65,0.06,0.1,0,1,branch,1
CUST00883,Country_G,low,0,2,9,3708.22,0.19,0.37,0,1,mobile,0
CUST00884,Country_G,low,0,18,10,9989.87,0.03,0.23,0,1,mobile,0
CUST00885,Country_D,medium,0,18,15,23591.1,0.17,0.03,0,1,online,0
CUST00886,Country_G,low,0,41,11,48641.54,0.07,0.6,0,1,online,0
CUST00887,Country_I,low,0,31,16,2424.15,0.19,0.16,0,1,mobile,0
CUST00888,Country_J,low,0,20,17,4116.46,0.08,0.18,0,1,branch,0
CUST00889,Country_G,low,0,29,19,7069.64,0.21,0.2,0,1,branch,0
CUST00890,Country_I,low,0,1,19,20962.9,0.23,0.15,0,1,mobile,0
CUST00891,Country_I,low,0,11,12,6001.39,0.22,0.17,0,1,branch,0
CUST00892,Country_F,low,0,11,20,78171.56,0.25,0.4,0,1,mobile,0
CUST00893,Country_G,low,0,68,20,5203.08,0.17,0.09,0,1,branch,0
CUST00894,Country_F,low,0,1,6,6026.07,0.15,0.17,0,1,online,0
CUST00895,Country_I,low,0,0,14,23811.88,0.15,0.28,0,1,mobile,0
CUST00896,Country_J,low,0,21,19,3239.05,0.1,0.24,0,1,mobile,0
CUST00897,Country_H,low,0,15,9,25974.44,0.24,0.24,0,0,online,0
CUST00898,Country_D,medium,0,93,11,1156.52,0.22,0.4,0,1,mobile,0
CUST00899,Country_H,low,0,2,8,7803.03,0.39,0.0,0,1,online,0
CUST00900,Country_D,medium,0,66,19,265.37,0.34,0.09,0,1,mobile,0
CUST00901,Country_J,low,0,1,22,3994.75,0.39,0.25,0,1,mobile,0
CUST00902,Country_I,low,0,3,23,2383.05,0.57,0.08,0,1,branch,0
CUST00903,Country_G,low,0,6,10,8585.55,0.09,0.14,0,1,online,0
CUST00904,Country_H,low,0,12,16,2195.85,0.39,0.25,0,0,mobile,0
CUST00905,Country_E,medium,0,10,17,469.91,0.24,0.21,0,1,online,0
CUST00906,Country_F,low,0,17,19,1487.93,0.21,0.22,0,1,mobile,0
CUST00907,Country_H,low,0,81,18,12965.96,0.04,0.29,0,0,online,0
CUST00908,Country_E,medium,0,4,17,734.47,0.26,0.18,0,1,mobile,0
CUST00909,Country_J,low,0,16,22,103227.6,0.27,0.04,0,1,mobile,0
CUST00910,Country_H,low,0,24,14,4894.84,0.09,0.18,0,1,mobile,0
CUST00911,Country_F,low,0,57,7,74801.81,0.1,0.02,0,1,branch,0
CUST00912,Country_I,low,0,21,8,23590.25,0.15,0.03,0,1,online,0
CUST00913,Country_J,low,0,8,15,3124.08,0.07,0.44,0,1,branch,0
CUST00914,Country_J,low,0,19,14,9329.11,0.06,0.46,0,1,branch,0
CUST00915,Country_F,low,0,5,10,3519.3,0.12,0.16,0,1,online,0
CUST00916,Country_H,low,0,16,12,12877.29,0.23,0.27,0,1,mobile,0
CUST00917,Country_F,low,0,19,13,12420.92,0.28,0.38,0,1,online,0
CUST00918,Country_G,low,0,47,19,17719.51,0.19,0.22,0,1,branch,0
CUST00919,Country_G,low,0,57,18,23047.97,0.13,0.2,0,1,mobile,0
CUST00920,Country_H,low,0,65,8,16880.52,0.58,0.13,0,1,mobile,0
CUST00921,Country_H,low,0,1,18,4582.96,0.09,0.29,0,1,online,0
CUST00922,Country_G,low,0,29,21,19577.06,0.08,0.2,0,0,mobile,0
CUST00923,Country_D,medium,0,42,11,5870.63,0.18,0.44,0,1,mobile,0
CUST00924,Country_I,low,0,9,16,1670.88,0.25,0.08,0,0,online,0
CUST00925,Country_H,low,0,7,18,2627.14,0.01,0.44,0,1,online,0
CUST00926,Country_D,medium,0,31,15,1554.78,0.2,0.32,0,1,mobile,0
CUST00927,Country_D,medium,0,19,17,1857.97,0.18,0.2,0,1,online,0
CUST00928,Country_G,low,0,9,19,687.25,0.34,0.32,0,0,mobile,0
CUST00929,Country_J,low,0,37,24,2312.99,0.29,0.35,0,1,mobile,0
CUST00930,Country_G,low,0,2,16,2004.36,0.06,0.44,0,1,mobile,0
CUST00931,Country_J,low,0,4,14,7317.75,0.22,0.13,0,1,online,0
CUST00932,Country_J,low,1,3,14,52433.47,0.03,0.13,0,1,branch,0
CUST00933,Country_G,low,0,13,22,5664.92,0.11,0.11,0,1,mobile,0
CUST00934,Country_H,low,0,2,11,4032.94,0.19,0.12,0,1,mobile,0
CUST00935,Country_J,low,0,90,11,11071.19,0.09,0.34,0,1,mobile,0
CUST00936,Country_F,low,0,34,11,1320.45,0.17,0.24,0,1,online,0
CUST00937,Country_D,medium,0,23,11,20033.92,0.23,0.11,0,1,online,0
CUST00938,Country_I,low,0,29,13,3724.03,0.34,0.21,0,1,online,0
CUST00939,Country_F,low,0,15,16,18385.57,0.19,0.01,0,1,online,0
CUST00940,Country_F,low,0,9,12,3035.94,0.06,0.13,0,1,online,0
CUST00941,Country_G,low,0,6,16,1490.76,0.21,0.09,0,1,branch,0
CUST00942,Country_F,low,0,10,17,2362.54,0.21,0.08,0,1,branch,0
CUST00943,Country_I,low,0,3,13,14169.94,0.12,0.19,0,1,branch,0
CUST00944,Country_J,low,0,7,17,880.13,0.07,0.18,0,1,online,0
CUST00945,Country_J,low,0,6,22,8066.72,0.35,0.1,0,1,branch,0
CUST00946,Country_F,low,0,69,10,6905.45,0.19,0.21,0,1,mobile,0
CUST00947,Country_G,low,0,6,8,833.29,0.03,0.15,0,1,online,0
CUST00948,Country_I,low,0,0,12,2420.63,0.34,0.55,0,1,online,0
CUST00949,Country_H,low,0,48,10,11191.76,0.13,0.25,0,1,mobile,0
CUST00950,Country_G,low,0,112,17,3940.19,0.41,0.36,0,1,online,0
CUST00951,Country_F,low,0,5,15,15620.48,0.24,0.34,0,1,online,0
CUST00952,Country_E,medium,0,35,8,11922.07,0.29,0.44,0,1,online,0
CUST00953,Country_I,low,0,31,10,25802.01,0.34,0.05,0,1,branch,0
CUST00954,Country_H,low,0,79,14,891.53,0.42,0.46,0,1,online,0
CUST00955,Country_C,high,0,12,12,21268.16,0.29,0.41,0,1,mobile,0
CUST00956,Country_G,low,0,1,16,65429.56,0.07,0.06,0,1,mobile,0
CUST00957,Country_G,low,0,26,16,27400.79,0.14,0.21,0,1,online,0
CUST00958,Country_E,medium,0,2,11,5750.3,0.05,0.08,0,1,mobile,0
CUST00959,Country_H,low,0,0,16,1748.93,0.12,0.09,0,1,mobile,0
CUST00960,Country_H,low,0,40,11,2917.28,0.32,0.22,0,1,branch,0
CUST00961,Country_G,low,0,9,21,10323.69,0.03,0.02,0,1,online,0
CUST00962,Country_J,low,0,3,10,1129.47,0.09,0.43,1,1,branch,0
CUST00963,Country_G,low,0,81,18,4754.52,0.27,0.19,0,1,online,0
CUST00964,Country_C,high,0,3,17,3989.71,0.11,0.14,0,1,online,0
CUST00965,Country_F,low,0,37,15,59014.22,0.1,0.31,0,1,online,0
CUST00966,Country_H,low,0,10,11,2215.63,0.07,0.35,0,1,mobile,0
CUST00967,Country_E,medium,1,0,13,5132.74,0.33,0.02,1,1,mobile,1
CUST00968,Country_G,low,0,16,11,8333.72,0.23,0.49,0,1,branch,0
CUST00969,Country_F,low,0,63,11,3479.41,0.35,0.25,0,1,online,0
CUST00970,Country_I,low,0,20,16,3767.0,0.07,0.0,0,1,mobile,0
CUST00971,Country_D,medium,0,6,19,1318.02,0.26,0.25,0,1,online,0
CUST00972,Country_F,low,0,15,19,4781.85,0.41,0.11,0,1,branch,0
CUST00973,Country_B,high,0,17,18,1570.91,0.03,0.45,0,1,mobile,0
CUST00974,Country_I,low,0,2,12,4684.62,0.2,0.1,0,1,online,0
CUST00975,Country_I,low,0,59,21,12766.31,0.51,0.24,0,1,online,0
CUST00976,Country_G,low,0,0,16,2696.55,0.12,0.37,0,1,branch,0
CUST00977,Country_D,medium,0,46,13,10002.53,0.11,0.13,0,1,online,0
CUST00978,Country_G,low,0,20,20,1277.48,0.27,0.07,0,1,online,0
CUST00979,Country_J,low,0,24,19,18747.48,0.17,0.1,0,0,branch,0
CUST00980,Country_D,medium,0,10,9,2582.34,0.26,0.38,0,1,branch,0
CUST00981,Country_F,low,0,2,11,11990.78,0.16,0.3,0,1,online,0
CUST00982,Country_I,low,0,1,15,1013.56,0.15,0.45,0,1,online,0
CUST00983,Country_J,low,0,10,22,9097.39,0.32,0.15,0,1,mobile,0
CUST00984,Country_G,low,0,6,18,11830.3,0.09,0.23,0,1,branch,0
CUST00985,Country_H,low,0,4,21,3198.57,0.21,0.24,0,1,mobile,0
CUST00986,Country_F,low,0,5,16,23805.11,0.57,0.06,0,1,branch,0
CUST00987,Country_H,low,0,10,17,2383.51,0.2,0.02,0,1,mobile,0
CUST00988,Country_E,medium,0,42,20,11757.03,0.09,0.1,1,1,mobile,0
CUST00989,Country_I,low,0,3,16,176.56,0.09,0.13,0,1,online,0
CUST00990,Country_G,low,0,77,18,34570.9,0.36,0.29,0,1,mobile,0
CUST00991,Country_G,low,0,22,15,6631.07,0.26,0.7,0,0,branch,0
CUST00992,Country_H,low,0,31,15,9804.31,0.18,0.14,0,1,online,0
CUST00993,Country_J,low,0,26,13,7479.75,0.38,0.15,0,1,branch,0
CUST00994,Country_J,low,0,3,22,21176.23,0.38,0.29,0,1,online,0
CUST00995,Country_I,low,0,15,11,33610.55,0.31,0.37,0,1,mobile,0
CUST00996,Country_G,low,0,7,6,26668.39,0.44,0.14,0,1,online,0
CUST00997,Country_B,high,0,8,14,244.28,0.37,0.03,0,1,branch,0
CUST00998,Country_G,low,0,18,15,2150.98,0.04,0.11,0,1,mobile,0
CUST00999,Country_J,low,0,13,8,8751.28,0.38,0.03,0,1,mobile,0
CUST01000,Country_J,low,0,19,18,25405.6,0.4,0.26,0,0,branch,0
CUST01001,Country_H,low,0,54,15,3701.22,0.07,0.03,0,1,mobile,0
CUST01002,Country_G,low,0,7,15,22192.37,0.38,0.23,0,0,online,0
CUST01003,Country_G,low,0,6,18,4202.04,0.25,0.19,0,1,mobile,0
CUST01004,Country_G,low,0,13,14,17141.44,0.51,0.23,0,1,online,0
CUST01005,Country_H,low,0,12,19,5868.62,0.12,0.29,0,1,online,0
CUST01006,Country_J,low,0,25,12,5643.8,0.04,0.29,1,1,mobile,0
CUST01007,Country_I,low,0,16,18,1564.22,0.4,0.04,0,1,branch,0
CUST01008,Country_I,low,0,36,17,1528.34,0.4,0.22,0,1,mobile,0
CUST01009,Country_G,low,0,3,20,10786.52,0.08,0.01,0,1,online,0
CUST01010,Country_H,low,0,0,12,7661.86,0.06,0.12,0,1,online,0
CUST01011,Country_G,low,0,21,14,15146.2,0.14,0.4,0,1,online,0
CUST01012,Country_F,low,0,10,17,24568.73,0.44,0.22,0,0,online,0
CUST01013,Country_F,low,0,6,13,4554.94,0.28,0.09,0,1,online,0
CUST01014,Country_E,medium,0,12,11,9746.14,0.19,0.5,0,1,online,0
CUST01015,Country_J,low,0,31,12,921.28,0.02,0.21,0,1,online,0
CUST01016,Country_H,low,0,0,22,5197.18,0.19,0.17,0,0,online,0
CUST01017,Country_G,low,0,4,10,8324.54,0.33,0.36,0,1,branch,0
CUST01018,Country_E,medium,0,22,16,2922.68,0.08,0.07,0,1,branch,0
CUST01019,Country_J,low,0,12,19,1807.56,0.34,0.08,0,1,online,0
CUST01020,Country_J,low,0,42,20,360.79,0.26,0.12,0,1,mobile,0
CUST01021,Country_D,medium,0,20,13,5862.07,0.31,0.12,0,1,mobile,0
CUST01022,Country_B,high,0,8,12,5043.75,0.26,0.17,0,1,online,0
CUST01023,Country_I,low,0,4,17,20383.91,0.06,0.09,0,1,branch,0
CUST01024,Country_D,medium,0,9,14,79562.14,0.32,0.21,0,1,online,0
CUST01025,Country_G,low,0,6,17,18016.32,0.24,0.31,0,1,branch,0
CUST01026,Country_I,low,0,20,10,3182.7,0.28,0.06,0,1,branch,0
CUST01027,Country_G,low,0,21,8,31770.21,0.31,0.16,0,1,branch,0
CUST01028,Country_I,low,0,0,15,1491.78,0.24,0.13,0,1,branch,0
CUST01029,Country_I,low,0,5,12,47102.23,0.11,0.19,0,1,mobile,0
CUST01030,Country_J,low,0,37,19,979.54,0.03,0.13,0,1,branch,0
CUST01031,Country_F,low,0,0,18,8930.21,0.17,0.22,0,1,mobile,0
CUST01032,Country_A,high,0,28,17,1729.79,0.24,0.21,0,1,branch,0
CUST01033,Country_F,low,0,39,21,9507.17,0.19,0.36,0,1,branch,0
CUST01034,Country_I,low,0,0,16,2053.21,0.13,0.11,0,1,mobile,0
CUST01035,Country_F,low,0,5,20,6851.3,0.08,0.09,1,1,branch,0
CUST01036,Country_F,low,0,2,7,2908.05,0.2,0.06,0,1,mobile,0
CUST01037,Country_E,medium,0,23,13,21589.24,0.24,0.24,0,1,branch,0
CUST01038,Country_I,low,0,51,15,2891.2,0.3,0.31,0,1,branch,0
CUST01039,Country_A,high,0,21,14,2229.33,0.15,0.31,0,1,branch,1
CUST01040,Country_F,low,0,113,16,1284.33,0.26,0.11,0,1,branch,0
CUST01041,Country_G,low,0,16,10,5018.19,0.43,0.11,0,1,mobile,0
CUST01042,Country_G,low,0,8,11,658.19,0.36,0.48,0,1,online,0
CUST01043,Country_J,low,0,14,20,12677.39,0.09,0.18,0,1,online,0
CUST01044,Country_G,low,0,1,18,17618.96,0.19,0.2,0,1,online,0
CUST01045,Country_I,low,0,42,15,20882.65,0.23,0.29,1,1,mobile,0
CUST01046,Country_J,low,0,19,15,7963.7,0.11,0.19,0,1,branch,0
CUST01047,Country_J,low,0,32,14,9324.19,0.21,0.09,0,1,branch,0
CUST01048,Country_G,low,0,29,18,27892.94,0.04,0.05,0,1,mobile,0
CUST01049,Country_G,low,0,25,23,9357.29,0.12,0.06,0,1,online,0
CUST01050,Country_G,low,0,18,12,1999.03,0.27,0.23,0,1,online,0
CUST01051,Country_G,low,0,4,19,2172.98,0.2,0.24,0,1,mobile,0
CUST01052,Country_I,low,0,37,21,2611.24,0.13,0.14,0,1,online,0
CUST01053,Country_F,low,1,3,12,1050.33,0.04,0.35,0,1,mobile,0
CUST01054,Country_G,low,0,24,14,11173.94,0.44,0.08,0,1,mobile,0
CUST01055,Country_G,low,0,3,11,732.58,0.2,0.24,0,1,mobile,0
CUST01056,Country_I,low,0,27,14,7195.37,0.36,0.06,0,1,branch,0
CUST01057,Country_D,medium,1,9,12,71458.39,0.35,0.04,0,0,online,0
CUST01058,Country_H,low,0,32,10,36219.06,0.13,0.35,0,1,mobile,0
CUST01059,Country_I,low,0,13,17,11200.75,0.49,0.33,0,1,online,0
CUST01060,Country_I,low,0,22,9,2040.27,0.05,0.18,0,1,online,0
CUST01061,Country_B,high,0,30,18,400.55,0.22,0.18,0,0,branch,1
CUST01062,Country_A,high,0,22,16,1823.77,0.23,0.51,0,1,online,0
CUST01063,Country_H,low,0,23,17,2703.84,0.19,0.05,0,1,mobile,0
CUST01064,Country_C,high,0,1,11,145267.86,0.28,0.19,0,1,online,1
CUST01065,Country_F,low,0,18,17,1877.33,0.03,0.14,0,1,mobile,0
CUST01066,Country_I,low,0,23,12,304.72,0.08,0.21,0,1,online,0
CUST01067,Country_I,low,0,0,21,4499.29,0.08,0.2,0,1,online,0
CUST01068,Country_D,medium,0,10,12,1792.9,0.09,0.09,0,1,online,0
CUST01069,Country_G,low,0,24,19,2872.63,0.13,0.02,0,1,online,0
CUST01070,Country_E,medium,0,5,12,5505.12,0.14,0.24,0,1,online,0
CUST01071,Country_J,low,1,0,13,11191.19,0.38,0.39,0,1,branch,1
CUST01072,Country_G,low,0,11,12,697.79,0.24,0.25,0,1,mobile,0
CUST01073,Country_F,low,0,61,9,1320.27,0.13,0.03,0,0,online,0
CUST01074,Country_J,low,0,10,18,1768.1,0.03,0.0,0,1,online,0
CUST01075,Country_J,low,0,28,17,6089.07,0.05,0.1,0,1,mobile,0
CUST01076,Country_J,low,0,32,25,12135.65,0.26,0.11,0,1,mobile,0
CUST01077,Country_D,medium,0,10,19,1483.14,0.21,0.15,0,1,branch,0
CUST01078,Country_A,high,0,2,13,2405.43,0.04,0.08,0,1,mobile,0
CUST01079,Country_F,low,0,23,5,214.75,0.07,0.09,0,1,mobile,0
CUST01080,Country_G,low,0,1,18,6227.97,0.29,0.41,0,1,online,0
CUST01081,Country_G,low,0,29,10,4498.2,0.17,0.01,0,1,online,0
CUST01082,Country_G,low,0,10,16,3018.53,0.27,0.23,0,1,branch,0
CUST01083,Country_H,low,0,17,10,9656.92,0.14,0.34,0,1,online,0
CUST01084,Country_G,low,0,26,14,28031.99,0.24,0.19,0,1,mobile,0
CUST01085,Country_G,low,0,5,19,14531.34,0.29,0.12,0,1,mobile,0
CUST01086,Country_E,medium,0,0,18,2586.77,0.08,0.32,0,1,branch,0
CUST01087,Country_I,low,0,12,18,302.28,0.05,0.03,0,1,online,0
CUST01088,Country_I,low,0,0,19,1733.8,0.29,0.06,0,1,online,0
CUST01089,Country_H,low,0,60,17,14858.99,0.26,0.13,0,1,mobile,0
CUST01090,Country_A,high,0,25,19,20821.63,0.29,0.24,0,1,online,0
CUST01091,Country_D,medium,0,13,7,2812.38,0.09,0.14,0,1,online,0
CUST01092,Country_G,low,0,15,17,28449.68,0.27,0.05,0,1,branch,0
CUST01093,Country_H,low,0,8,11,4536.24,0.11,0.1,0,1,mobile,0
CUST01094,Country_F,low,0,15,18,32411.45,0.13,0.12,0,1,branch,0
CUST01095,Country_G,low,0,13,16,1010.06,0.1,0.4,0,1,mobile,0
CUST01096,Country_J,low,0,14,15,6052.81,0.31,0.04,0,1,online,0
CUST01097,Country_F,low,1,28,19,13421.14,0.23,0.01,0,1,online,0
CUST01098,Country_C,high,0,0,11,3903.39,0.22,0.12,0,1,branch,0
CUST01099,Country_G,low,0,63,15,4656.06,0.38,0.06,0,0,mobile,0
CUST01100,Country_J,low,0,14,12,2041.39,0.18,0.03,0,1,online,0
CUST01101,Country_G,low,0,39,9,971.1,0.16,0.15,0,1,mobile,0
CUST01102,Country_J,low,0,1,18,1841.5,0.14,0.18,0,1,mobile,0
CUST01103,Country_J,low,0,122,17,1165.95,0.13,0.13,0,1,online,0
CUST01104,Country_J,low,0,3,13,5636.64,0.32,0.15,0,0,online,0
CUST01105,Country_I,low,0,19,10,12453.85,0.22,0.24,0,1,mobile,0
CUST01106,Country_A,high,0,14,11,874.15,0.41,0.08,0,1,mobile,1
CUST01107,Country_C,high,0,15,10,98.76,0.35,0.39,0,0,branch,1
CUST01108,Country_H,low,1,93,19,3742.55,0.37,0.25,0,1,online,0
CUST01109,Country_B,high,0,35,20,59909.05,0.14,0.17,0,1,online,0
CUST01110,Country_E,medium,0,0,19,36287.36,0.1,0.06,0,1,branch,0
CUST01111,Country_G,low,0,25,13,2318.17,0.42,0.11,0,1,online,0
CUST01112,Country_J,low,0,25,12,5124.63,0.21,0.26,0,1,branch,0
CUST01113,Country_F,low,0,16,25,12989.48,0.05,0.28,0,1,mobile,0
CUST01114,Country_H,low,0,4,11,1848.36,0.43,0.17,0,1,mobile,0
CUST01115,Country_D,medium,0,28,11,2391.44,0.25,0.09,1,1,mobile,0
CUST01116,Country_H,low,0,8,13,5766.26,0.22,0.2,0,0,online,0
CUST01117,Country_I,low,0,12,12,9618.67,0.22,0.27,0,0,mobile,0
CUST01118,Country_G,low,0,32,14,6190.29,0.21,0.23,0,1,mobile,0
CUST01119,Country_G,low,0,17,11,3785.58,0.11,0.22,0,1,online,0
CUST01120,Country_H,low,0,11,20,1887.72,0.4,0.04,0,1,mobile,0
CUST01121,Country_E,medium,0,23,26,3225.97,0.18,0.41,0,1,mobile,0
CUST01122,Country_J,low,0,46,19,24753.89,0.27,0.28,0,1,branch,0
CUST01123,Country_H,low,0,4,14,749.27,0.07,0.56,0,1,online,0
CUST01124,Country_F,low,0,19,10,7862.8,0.06,0.15,0,1,branch,0
CUST01125,Country_H,low,0,49,11,35338.17,0.32,0.12,0,0,mobile,0
CUST01126,Country_I,low,0,42,16,16924.16,0.41,0.22,0,1,branch,0
CUST01127,Country_F,low,0,4,10,1121.6,0.49,0.23,0,1,branch,0
CUST01128,Country_H,low,0,11,10,32871.6,0.4,0.25,0,1,branch,0
CUST01129,Country_J,low,0,60,13,126360.21,0.13,0.07,0,1,online,0
CUST01130,Country_H,low,0,2,16,2579.14,0.05,0.25,0,1,mobile,0
CUST01131,Country_I,low,0,14,17,2386.72,0.15,0.63,0,0,branch,0
CUST01132,Country_H,low,0,24,18,2622.62,0.23,0.08,0,1,branch,0
CUST01133,Country_G,low,0,20,23,10298.22,0.17,0.04,0,1,online,0
CUST01134,Country_G,low,0,44,15,40202.04,0.14,0.16,0,1,mobile,0
CUST01135,Country_I,low,0,11,14,3471.02,0.32,0.46,0,1,branch,0
CUST01136,Country_I,low,0,4,13,2637.74,0.41,0.04,0,1,mobile,0
CUST01137,Country_F,low,0,12,15,34887.99,0.24,0.26,0,1,mobile,0
CUST01138,Country_I,low,0,22,12,580.94,0.08,0.18,0,0,online,0
CUST01139,Country_E,medium,0,54,16,11116.01,0.19,0.09,0,1,mobile,0
CUST01140,Country_J,low,0,1,19,2690.29,0.4,0.26,0,1,mobile,0
CUST01141,Country_H,low,0,34,16,30865.49,0.18,0.18,0,1,online,0
CUST01142,Country_D,medium,1,12,11,33591.55,0.09,0.21,0,0,mobile,0
CUST01143,Country_I,low,0,2,11,637.0,0.19,0.12,0,0,branch,0
CUST01144,Country_E,medium,0,10,9,1291.43,0.12,0.27,0,1,branch,0
CUST01145,Country_J,low,0,49,13,865.68,0.05,0.39,0,0,online,0
CUST01146,Country_G,low,0,7,15,1451.67,0.24,0.36,0,1,branch,0
CUST01147,Country_I,low,0,6,19,9348.1,0.17,0.25,0,1,mobile,0
CUST01148,Country_D,medium,0,17,18,34666.02,0.22,0.17,0,1,online,0
CUST01149,Country_I,low,0,25,18,3165.84,0.15,0.25,0,1,online,0
CUST01150,Country_J,low,0,8,15,25982.18,0.37,0.11,0,1,mobile,0
CUST01151,Country_E,medium,0,3,17,2191.8,0.17,0.31,0,1,branch,0
CUST01152,Country_H,low,0,8,17,2039.45,0.16,0.29,0,1,mobile,0
CUST01153,Country_A,high,0,56,16,24359.79,0.04,0.66,0,1,online,1
CUST01154,Country_I,low,0,24,11,30652.92,0.02,0.35,0,1,branch,0
CUST01155,Country_J,low,0,27,15,22489.3,0.12,0.02,0,1,branch,0
CUST01156,Country_H,low,0,30,13,6335.28,0.12,0.2,0,1,branch,0
CUST01157,Country_F,low,0,23,10,9639.98,0.45,0.08,0,1,online,0
CUST01158,Country_G,low,0,5,11,1245.04,0.48,0.29,0,1,online,0
CUST01159,Country_F,low,0,28,11,2194.33,0.55,0.23,0,1,online,0
CUST01160,Country_A,high,0,2,13,3041.78,0.24,0.04,0,1,online,0
CUST01161,Country_F,low,0,37,6,97278.6,0.05,0.39,0,0,branch,0
CUST01162,Country_J,low,0,15,15,15303.26,0.04,0.36,0,1,branch,0
CUST01163,Country_D,medium,0,34,12,5270.43,0.27,0.1,0,1,branch,0
CUST01164,Country_J,low,0,37,17,4506.67,0.06,0.03,0,1,online,0
CUST01165,Country_J,low,0,21,17,18719.43,0.19,0.26,0,1,online,0
CUST01166,Country_E,medium,0,15,19,2687.87,0.23,0.05,0,0,mobile,0
CUST01167,Country_H,low,0,81,13,3391.26,0.19,0.3,0,1,mobile,0
CUST01168,Country_G,low,0,16,18,12244.47,0.18,0.05,0,1,mobile,0
CUST01169,Country_B,high,0,5,17,11164.09,0.55,0.51,0,1,branch,1
CUST01170,Country_C,high,1,2,15,11767.74,0.17,0.58,0,1,online,1
CUST01171,Country_E,medium,0,7,19,3461.72,0.36,0.17,0,1,online,0
CUST01172,Country_H,low,0,2,18,3380.4,0.31,0.05,0,1,branch,0
CUST01173,Country_G,low,0,0,13,1684.32,0.04,0.04,0,1,branch,0
CUST01174,Country_F,low,0,20,10,2428.77,0.21,0.08,0,1,mobile,0
CUST01175,Country_H,low,0,25,14,6891.3,0.31,0.26,0,1,online,0
CUST01176,Country_D,medium,0,6,11,1161.4,0.36,0.16,0,1,online,0
CUST01177,Country_H,low,0,18,19,10039.57,0.28,0.34,0,0,branch,0
CUST01178,Country_H,low,0,44,13,2158.51,0.25,0.2,0,1,mobile,0
CUST01179,Country_I,low,0,27,19,17532.98,0.23,0.08,0,1,online,0
CUST01180,Country_J,low,0,97,11,2350.06,0.13,0.24,0,1,branch,0
CUST01181,Country_I,low,0,8,7,4800.22,0.13,0.08,0,1,online,0
CUST01182,Country_F,low,0,12,19,4598.23,0.49,0.3,0,1,branch,0
CUST01183,Country_G,low,0,25,20,7703.25,0.27,0.1,0,1,online,0
CUST01184,Country_A,high,0,106,13,1606.92,0.14,0.4,0,1,mobile,1
CUST01185,Country_F,low,0,4,20,34275.58,0.05,0.2,0,1,online,0
CUST01186,Country_I,low,0,13,14,1555.9,0.05,0.24,0,1,branch,0
CUST01187,Country_J,low,1,7,14,15757.23,0.34,0.33,0,1,online,1
CUST01188,Country_F,low,0,6,10,1406.59,0.14,0.15,0,1,mobile,0
CUST01189,Country_F,low,0,2,17,4603.94,0.32,0.38,0,1,mobile,0
CUST01190,Country_H,low,1,5,20,2341.43,0.15,0.07,0,1,mobile,0
CUST01191,Country_C,high,1,7,15,3843.8,0.12,0.17,0,1,mobile,1
CUST01192,Country_D,medium,0,10,11,1664.29,0.08,0.36,0,1,online,0
CUST01193,Country_H,low,0,45,15,2080.61,0.28,0.06,0,1,mobile,0
CUST01194,Country_E,medium,0,14,11,20788.22,0.27,0.58,0,1,online,0
CUST01195,Country_F,low,0,30,14,16661.67,0.06,0.32,0,0,mobile,0
CUST01196,Country_D,medium,0,12,14,2285.59,0.08,0.02,0,1,branch,0
CUST01197,Country_J,low,0,17,17,5717.46,0.11,0.09,0,1,online,0
CUST01198,Country_J,low,0,6,13,13455.69,0.07,0.06,0,1,branch,0
CUST01199,Country_I,low,0,15,14,988.18,0.07,0.06,0,1,mobile,0
CUST01200,Country_I,low,0,4,17,1408.7,0.47,0.35,0,1,mobile,0
CUST01201,Country_A,high,0,5,13,2128.47,0.14,0.2,0,1,mobile,0
CUST01202,Country_I,low,0,102,21,5114.64,0.23,0.07,0,1,online,0
CUST01203,Country_H,low,0,12,17,73341.65,0.11,0.01,0,1,branch,0
CUST01204,Country_I,low,0,6,19,3894.37,0.16,0.55,0,1,online,0
CUST01205,Country_F,low,0,172,11,6720.36,0.23,0.31,0,1,online,0
CUST01206,Country_H,low,0,94,17,14046.13,0.09,0.17,0,0,online,0
CUST01207,Country_F,low,0,13,14,5396.99,0.2,0.25,0,1,online,0
CUST01208,Country_D,medium,0,18,9,5260.36,0.42,0.09,0,1,branch,0
CUST01209,Country_J,low,0,23,19,6238.16,0.37,0.16,0,1,mobile,0
CUST01210,Country_I,low,0,38,15,7822.11,0.45,0.18,0,1,online,0
CUST01211,Country_J,low,0,8,10,3754.18,0.1,0.41,0,1,online,0
CUST01212,Country_E,medium,0,13,16,1843.88,0.16,0.23,0,1,online,0
CUST01213,Country_I,low,0,96,19,9897.65,0.13,0.47,0,1,mobile,0
CUST01214,Country_A,high,0,0,12,1933.86,0.14,0.2,0,0,branch,1
CUST01215,Country_F,low,0,90,22,4389.71,0.14,0.12,1,1,online,0
CUST01216,Country_I,low,0,13,16,94760.08,0.04,0.1,0,1,branch,0
CUST01217,Country_B,high,0,0,10,7428.49,0.14,0.19,0,1,online,0
CUST01218,Country_D,medium,0,16,13,11695.55,0.23,0.06,0,1,branch,0
CUST01219,Country_H,low,0,29,19,5712.6,0.11,0.35,0,1,mobile,0
CUST01220,Country_D,medium,0,31,19,58053.35,0.13,0.26,0,1,online,0
CUST01221,Country_G,low,0,30,16,19795.3,0.39,0.04,0,1,branch,0
CUST01222,Country_E,medium,0,99,19,6899.93,0.28,0.02,0,1,online,0
CUST01223,Country_D,medium,0,7,16,1797.72,0.26,0.57,0,0,branch,0
CUST01224,Country_D,medium,0,52,13,507.48,0.19,0.05,0,1,branch,0
CUST01225,Country_J,low,0,51,15,3086.42,0.16,0.09,0,1,mobile,0
CUST01226,Country_J,low,0,19,17,761.17,0.3,0.11,0,1,online,0
CUST01227,Country_F,low,0,6,14,760.24,0.12,0.39,0,1,mobile,0
CUST01228,Country_I,low,0,50,18,661.86,0.31,0.09,1,1,mobile,0
CUST01229,Country_A,high,0,26,14,2049.21,0.27,0.25,0,1,online,0
CUST01230,Country_J,low,0,16,16,18852.66,0.25,0.36,0,1,online,0
CUST01231,Country_G,low,0,2,10,1275.26,0.1,0.41,0,1,mobile,0
CUST01232,Country_D,medium,0,11,25,2881.7,0.06,0.19,0,1,branch,0
CUST01233,Country_H,low,0,18,13,2557.17,0.06,0.46,0,1,branch,0
CUST01234,Country_D,medium,0,2,9,6953.62,0.08,0.48,0,1,online,0
CUST01235,Country_G,low,0,16,22,1094.73,0.13,0.23,0,1,branch,0
CUST01236,Country_F,low,0,62,13,2206.53,0.09,0.06,0,1,mobile,0
CUST01237,Country_J,low,0,6,16,1591.27,0.06,0.3,0,1,branch,0
CUST01238,Country_D,medium,0,21,17,15336.42,0.24,0.45,0,1,mobile,0
CUST01239,Country_E,medium,0,10,15,23860.57,0.1,0.24,0,1,branch,0
CUST01240,Country_I,low,0,16,10,1197.3,0.39,0.34,0,1,branch,0
CUST01241,Country_J,low,0,12,10,218.52,0.16,0.08,0,0,mobile,0
CUST01242,Country_E,medium,0,26,14,4832.59,0.23,0.11,0,1,online,0
CUST01243,Country_E,medium,0,5,15,771.96,0.06,0.31,0,1,branch,0
CUST01244,Country_F,low,0,4,13,6697.51,0.23,0.2,0,1,branch,0
CUST01245,Country_F,low,0,15,15,8939.13,0.28,0.09,0,1,online,0
CUST01246,Country_G,low,0,6,10,2030.7,0.13,0.47,0,1,mobile,0
CUST01247,Country_F,low,0,41,16,5119.59,0.19,0.07,0,1,branch,0
CUST01248,Country_B,high,0,16,20,354.58,0.13,0.17,0,1,online,0
CUST01249,Country_E,medium,0,29,18,3589.28,0.15,0.18,0,1,branch,0
CUST01250,Country_F,low,0,33,15,12501.3,0.34,0.21,0,0,mobile,0
CUST01251,Country_H,low,0,35,9,5685.89,0.11,0.06,0,1,branch,0
CUST01252,Country_H,low,0,34,11,8122.21,0.19,0.15,0,1,branch,0
CUST01253,Country_I,low,0,31,11,7310.79,0.13,0.22,0,1,online,0
CUST01254,Country_I,low,0,77,16,1001.88,0.22,0.24,0,1,branch,0
CUST01255,Country_E,medium,0,23,18,18870.71,0.16,0.3,0,1,online,0
CUST01256,Country_C,high,0,5,12,4520.45,0.13,0.08,0,1,branch,0
CUST01257,Country_C,high,0,11,17,18117.08,0.18,0.56,0,1,branch,0
CUST01258,Country_I,low,0,35,13,5217.29,0.23,0.04,0,0,online,0
CUST01259,Country_E,medium,0,4,14,21675.94,0.24,0.33,0,1,branch,0
CUST01260,Country_H,low,0,0,8,3137.67,0.36,0.13,0,0,online,0
CUST01261,Country_J,low,0,30,6,42816.47,0.14,0.14,0,1,online,0
CUST01262,Country_F,low,0,1,13,126770.9,0.09,0.42,0,1,branch,0
CUST01263,Country_I,low,0,11,16,2920.6,0.41,0.31,0,1,online,1
CUST01264,Country_H,low,0,48,17,12740.8,0.18,0.05,0,1,branch,0
CUST01265,Country_H,low,0,15,11,770.31,0.13,0.02,0,1,mobile,0
CUST01266,Country_H,low,0,17,13,6788.01,0.07,0.2,0,1,online,0
CUST01267,Country_G,low,0,10,13,10162.44,0.21,0.15,0,1,online,0
CUST01268,Country_E,medium,0,26,18,7297.39,0.23,0.3,0,1,mobile,0
CUST01269,Country_J,low,0,22,6,15792.99,0.51,0.31,0,1,branch,0
CUST01270,Country_I,low,0,42,15,32797.93,0.09,0.35,0,1,mobile,0
CUST01271,Country_I,low,0,2,20,20754.99,0.35,0.33,0,1,online,0
CUST01272,Country_F,low,0,67,19,7220.66,0.16,0.2,0,1,online,0
CUST01273,Country_B,high,0,1,8,11971.47,0.06,0.07,0,1,online,0
CUST01274,Country_D,medium,0,22,18,277.61,0.49,0.57,0,1,online,0
CUST01275,Country_G,low,0,3,16,10998.21,0.27,0.12,0,1,branch,0
CUST01276,Country_F,low,0,5,16,5760.0,0.14,0.15,0,1,mobile,0
CUST01277,Country_G,low,0,13,11,4134.91,0.37,0.5,0,1,mobile,0
CUST01278,Country_G,low,0,35,19,1514.4,0.2,0.08,0,0,branch,0
CUST01279,Country_I,low,0,1,12,17101.36,0.31,0.47,0,1,online,0
CUST01280,Country_H,low,0,13,14,12514.02,0.06,0.08,0,1,branch,0
CUST01281,Country_J,low,0,6,14,33117.71,0.32,0.09,0,0,branch,0
CUST01282,Country_F,low,0,11,13,3290.0,0.2,0.3,0,1,branch,0
CUST01283,Country_I,low,0,18,17,16661.57,0.54,0.01,0,1,mobile,0
CUST01284,Country_G,low,0,2,18,16613.22,0.34,0.31,0,1,branch,0
CUST01285,Country_H,low,0,83,17,3146.88,0.04,0.51,0,1,branch,0
CUST01286,Country_E,medium,0,18,20,5500.46,0.2,0.54,0,1,mobile,0
CUST01287,Country_D,medium,0,34,12,20240.02,0.2,0.19,0,1,mobile,0
CUST01288,Country_J,low,0,34,15,3084.93,0.32,0.07,0,1,mobile,0
CUST01289,Country_F,low,0,6,16,23827.31,0.26,0.02,0,1,online,0
CUST01290,Country_F,low,0,16,13,5494.11,0.13,0.14,0,1,branch,0
CUST01291,Country_D,medium,0,18,12,2475.12,0.15,0.09,1,1,mobile,0
CUST01292,Country_J,low,0,25,13,4278.75,0.02,0.32,0,1,mobile,0
CUST01293,Country_J,low,0,0,14,60766.9,0.08,0.08,0,1,mobile,0
CUST01294,Country_I,low,0,10,18,2129.56,0.16,0.28,0,1,mobile,0
CUST01295,Country_I,low,0,71,10,3221.26,0.15,0.04,0,1,mobile,0
CUST01296,Country_E,medium,0,13,14,412.49,0.15,0.03,0,0,online,0
CUST01297,Country_J,low,0,27,10,2649.67,0.21,0.06,0,1,branch,0
CUST01298,Country_G,low,0,4,22,33501.77,0.48,0.13,0,1,online,0
CUST01299,Country_G,low,0,18,12,10286.27,0.37,0.2,0,1,mobile,0
CUST01300,Country_J,low,0,7,15,2015.53,0.24,0.12,0,1,online,0
CUST01301,Country_E,medium,0,20,11,12731.7,0.22,0.05,0,1,mobile,0
CUST01302,Country_D,medium,0,2,19,2456.97,0.1,0.16,0,1,online,0
CUST01303,Country_A,high,0,52,15,2686.47,0.17,0.13,0,1,online,0
CUST01304,Country_J,low,0,63,18,4126.11,0.12,0.09,0,1,online,0
CUST01305,Country_J,low,0,61,13,927.58,0.26,0.4,0,1,mobile,0
CUST01306,Country_F,low,0,28,12,22573.07,0.06,0.14,0,1,branch,0
CUST01307,Country_F,low,0,9,15,5573.73,0.02,0.45,0,1,online,0
CUST01308,Country_I,low,0,14,17,21331.82,0.02,0.12,0,1,online,0
CUST01309,Country_I,low,0,4,25,2176.29,0.17,0.12,0,1,online,0
CUST01310,Country_J,low,0,15,15,503.39,0.23,0.04,0,1,online,0
CUST01311,Country_F,low,0,19,12,3792.69,0.06,0.4,0,1,mobile,0
CUST01312,Country_F,low,0,16,12,30709.39,0.17,0.09,0,1,branch,0
CUST01313,Country_J,low,0,1,13,1456.25,0.03,0.01,0,1,mobile,0
CUST01314,Country_J,low,0,20,13,15970.65,0.14,0.24,0,1,mobile,0
CUST01315,Country_J,low,0,34,12,2514.81,0.16,0.26,0,1,mobile,0
CUST01316,Country_G,low,0,22,16,2921.78,0.41,0.06,0,1,mobile,0
CUST01317,Country_I,low,0,8,16,4895.71,0.18,0.0,0,1,online,0
CUST01318,Country_G,low,0,81,7,1731.15,0.4,0.11,0,1,online,0
CUST01319,Country_I,low,0,3,16,2582.92,0.14,0.14,0,1,online,0
CUST01320,Country_G,low,0,44,13,14569.33,0.14,0.05,0,1,online,0
CUST01321,Country_F,low,0,13,15,3593.29,0.16,0.19,0,1,mobile,0
CUST01322,Country_J,low,0,23,19,2969.31,0.34,0.3,0,1,mobile,0
CUST01323,Country_J,low,0,83,15,8491.72,0.21,0.36,0,1,online,0
CUST01324,Country_I,low,0,12,14,6267.39,0.2,0.15,0,1,online,0
CUST01325,Country_F,low,0,23,17,5463.01,0.13,0.05,0,1,mobile,0
CUST01326,Country_I,low,0,8,19,5382.57,0.08,0.15,0,1,online,0
CUST01327,Country_C,high,0,46,20,2843.56,0.09,0.2,0,1,branch,0
CUST01328,Country_A,high,0,8,13,6807.49,0.3,0.15,0,1,branch,0
CUST01329,Country_G,low,0,24,12,3071.15,0.36,0.13,0,1,mobile,0
CUST01330,Country_H,low,0,5,17,3824.24,0.11,0.41,0,1,branch,0
CUST01331,Country_H,low,0,41,20,1493.77,0.19,0.62,0,1,online,0
CUST01332,Country_J,low,0,4,19,14963.52,0.12,0.11,0,1,mobile,0
CUST01333,Country_B,high,0,17,14,2872.56,0.33,0.06,0,1,branch,0
CUST01334,Country_I,low,0,9,19,12468.48,0.23,0.25,0,1,online,0
CUST01335,Country_A,high,0,32,20,2380.11,0.1,0.17,0,1,mobile,1
CUST01336,Country_F,low,0,16,13,20349.39,0.25,0.25,0,0,mobile,0
CUST01337,Country_F,low,0,22,16,3301.65,0.2,0.2,0,1,branch,0
CUST01338,Country_E,medium,0,9,15,3867.34,0.24,0.47,0,0,mobile,0
CUST01339,Country_G,low,0,14,19,10411.25,0.17,0.31,0,1,mobile,0
CUST01340,Country_D,medium,0,11,14,237.36,0.08,0.11,0,1,branch,0
CUST01341,Country_H,low,0,7,14,7140.19,0.21,0.08,0,1,branch,0
CUST01342,Country_D,medium,0,12,19,4617.78,0.09,0.32,0,1,branch,0
CUST01343,Country_B,high,0,20,19,23304.62,0.24,0.05,0,1,online,0
CUST01344,Country_F,low,0,1,13,4627.99,0.09,0.19,0,1,mobile,0
CUST01345,Country_F,low,0,6,14,934.1,0.24,0.29,0,1,branch,0
CUST01346,Country_G,low,0,120,13,2761.6,0.2,0.1,0,1,online,0
CUST01347,Country_E,medium,0,13,13,1089.82,0.16,0.37,0,1,mobile,0
CUST01348,Country_H,low,0,28,12,20718.66,0.33,0.13,0,1,mobile,0
CUST01349,Country_J,low,0,0,12,6765.33,0.21,0.12,0,0,mobile,0
CUST01350,Country_H,low,0,44,8,22134.83,0.39,0.14,0,1,mobile,0
CUST01351,Country_H,low,0,7,13,19185.8,0.02,0.34,0,1,mobile,0
CUST01352,Country_I,low,0,66,17,640.43,0.15,0.44,0,1,online,0
CUST01353,Country_F,low,0,21,16,41813.14,0.24,0.12,0,1,branch,0
CUST01354,Country_J,low,0,21,13,1400.72,0.31,0.36,0,0,online,0
CUST01355,Country_J,low,0,13,10,5280.94,0.16,0.24,0,1,mobile,0
CUST01356,Country_I,low,0,44,16,7720.09,0.16,0.22,0,0,online,0
CUST01357,Country_B,high,0,1,14,3542.95,0.12,0.04,0,1,mobile,0
CUST01358,Country_F,low,1,79,15,9898.98,0.11,0.1,0,1,online,0
CUST01359,Country_F,low,0,16,12,3563.49,0.29,0.47,1,1,mobile,0
CUST01360,Country_I,low,0,10,14,6379.23,0.24,0.16,0,1,mobile,0
CUST01361,Country_H,low,0,13,14,6311.99,0.07,0.09,0,1,branch,0
CUST01362,Country_J,low,0,5,10,4350.04,0.29,0.1,0,1,mobile,0
CUST01363,Country_H,low,0,19,15,568.33,0.21,0.09,0,1,online,0
CUST01364,Country_G,low,0,4,15,1311.53,0.01,0.3,0,1,mobile,0
CUST01365,Country_I,low,0,3,10,2662.94,0.09,0.3,0,1,branch,0
CUST01366,Country_J,low,0,30,16,7279.07,0.09,0.48,0,1,mobile,0
CUST01367,Country_G,low,0,32,12,2254.24,0.12,0.24,0,1,mobile,0
CUST01368,Country_H,low,0,7,11,978.29,0.14,0.09,0,1,online,0
CUST01369,Country_F,low,0,24,12,13966.24,0.12,0.21,0,1,online,0
CUST01370,Country_J,low,0,1,18,1039.23,0.08,0.11,0,1,branch,0
CUST01371,Country_F,low,0,61,14,7017.76,0.22,0.12,0,1,branch,0
CUST01372,Country_G,low,0,44,21,3705.37,0.13,0.3,0,1,mobile,0
CUST01373,Country_F,low,0,15,20,9133.86,0.31,0.31,0,1,branch,0
CUST01374,Country_G,low,0,29,16,16579.12,0.22,0.09,0,1,mobile,0
CUST01375,Country_J,low,0,1,13,8266.62,0.02,0.2,0,1,online,0
CUST01376,Country_I,low,0,5,16,812.97,0.08,0.04,0,0,online,0
CUST01377,Country_D,medium,0,72,11,17345.5,0.12,0.16,0,1,branch,0
CUST01378,Country_J,low,0,18,17,1085.38,0.08,0.18,0,0,branch,0
CUST01379,Country_I,low,0,31,13,1099.87,0.17,0.09,0,1,branch,0
CUST01380,Country_J,low,0,5,9,4544.2,0.18,0.1,0,1,online,0
CUST01381,Country_C,high,0,94,9,1127.82,0.07,0.33,0,1,mobile,1
CUST01382,Country_G,low,0,6,17,2342.73,0.36,0.23,0,1,online,0
CUST01383,Country_I,low,0,9,13,978.23,0.38,0.06,0,1,mobile,0
CUST01384,Country_J,low,0,1,9,4599.52,0.24,0.23,0,1,mobile,0
CUST01385,Country_H,low,0,13,13,2166.64,0.07,0.15,0,1,branch,0
CUST01386,Country_G,low,0,47,15,7798.45,0.11,0.01,0,1,mobile,0
CUST01387,Country_H,low,0,4,13,7999.65,0.27,0.14,0,1,online,0
CUST01388,Country_E,medium,0,21,12,2141.08,0.17,0.15,0,1,mobile,0
CUST01389,Country_H,low,0,8,12,2675.1,0.16,0.16,0,0,online,0
CUST01390,Country_H,low,0,46,11,1844.46,0.37,0.21,0,1,mobile,0
CUST01391,Country_C,high,0,86,14,1523.53,0.27,0.4,0,1,mobile,1
CUST01392,Country_H,low,0,50,16,1285.8,0.11,0.13,0,1,online,0
CUST01393,Country_J,low,0,7,17,3878.81,0.22,0.2,0,1,online,0
CUST01394,Country_G,low,0,5,12,97961.12,0.12,0.2,0,1,mobile,0
CUST01395,Country_I,low,0,36,18,10082.86,0.18,0.47,0,1,branch,0
CUST01396,Country_G,low,0,2,20,3980.39,0.18,0.35,0,1,mobile,0
CUST01397,Country_F,low,0,11,14,24047.54,0.36,0.05,0,1,mobile,0
CUST01398,Country_F,low,0,6,13,2964.03,0.13,0.19,0,1,online,0
CUST01399,Country_G,low,0,14,15,8131.41,0.34,0.19,0,0,online,0
CUST01400,Country_F,low,0,49,5,8904.39,0.05,0.16,0,1,mobile,0
CUST01401,Country_F,low,1,28,13,4726.54,0.07,0.3,0,1,online,0
CUST01402,Country_F,low,1,50,13,1568.34,0.08,0.34,0,1,branch,0
CUST01403,Country_B,high,0,42,14,12827.11,0.48,0.14,0,1,online,1
CUST01404,Country_I,low,0,17,13,6390.16,0.03,0.09,0,1,branch,0
CUST01405,Country_H,low,0,34,12,1167.21,0.2,0.27,0,1,mobile,0
CUST01406,Country_F,low,0,17,24,9917.36,0.52,0.08,0,1,online,0
CUST01407,Country_J,low,0,6,9,4474.54,0.06,0.02,0,1,mobile,0
CUST01408,Country_J,low,0,11,26,33055.31,0.23,0.41,0,0,branch,0
CUST01409,Country_G,low,0,30,13,9961.4,0.16,0.21,0,1,online,0
CUST01410,Country_G,low,0,11,13,4162.16,0.17,0.02,0,1,branch,0
CUST01411,Country_F,low,0,1,15,740.13,0.14,0.06,0,1,branch,0
CUST01412,Country_I,low,0,36,17,3556.31,0.14,0.52,0,1,mobile,0
CUST01413,Country_J,low,0,4,13,5896.08,0.32,0.38,0,1,branch,0
CUST01414,Country_D,medium,0,42,16,847.71,0.18,0.37,0,1,online,0
CUST01415,Country_E,medium,0,13,17,637.07,0.23,0.09,0,0,mobile,0
CUST01416,Country_J,low,0,4,20,2086.24,0.11,0.16,0,1,mobile,0
CUST01417,Country_B,high,0,40,17,6673.53,0.15,0.27,0,1,online,0
CUST01418,Country_J,low,0,37,18,833.43,0.22,0.09,0,1,branch,0
CUST01419,Country_E,medium,0,1,17,2940.94,0.14,0.06,0,1,mobile,0
CUST01420,Country_I,low,0,6,16,5821.05,0.28,0.11,0,1,online,0
CUST01421,Country_I,low,0,2,19,4539.95,0.15,0.33,0,1,mobile,0
CUST01422,Country_H,low,0,33,9,1604.8,0.18,0.52,0,1,branch,0
CUST01423,Country_J,low,0,3,19,16096.86,0.03,0.11,0,0,branch,0
CUST01424,Country_G,low,0,81,14,2758.37,0.12,0.23,0,1,mobile,0
CUST01425,Country_B,high,0,26,15,1199.8,0.33,0.03,0,1,mobile,0
CUST01426,Country_F,low,0,18,12,785.7,0.08,0.4,0,1,mobile,0
CUST01427,Country_G,low,0,77,18,3284.78,0.19,0.11,0,1,branch,0
CUST01428,Country_G,low,0,25,13,2122.85,0.12,0.21,0,1,mobile,0
CUST01429,Country_I,low,0,3,15,9766.65,0.05,0.27,0,1,online,0
CUST01430,Country_J,low,0,20,14,3019.34,0.18,0.12,0,1,online,0
CUST01431,Country_F,low,0,1,16,6402.25,0.12,0.26,0,1,branch,0
CUST01432,Country_J,low,0,35,12,55267.64,0.12,0.29,0,1,branch,0
CUST01433,Country_J,low,0,28,20,4719.33,0.31,0.07,0,1,online,0
CUST01434,Country_J,low,0,66,20,39215.35,0.25,0.27,0,1,mobile,0
CUST01435,Country_F,low,0,0,15,17910.14,0.03,0.26,0,1,online,0
CUST01436,Country_G,low,0,3,18,1612.42,0.16,0.25,0,1,online,0
CUST01437,Country_F,low,0,19,13,5750.51,0.46,0.34,0,1,branch,0
CUST01438,Country_E,medium,1,35,15,879.21,0.22,0.07,0,1,mobile,0
CUST01439,Country_E,medium,0,67,10,19642.31,0.07,0.29,0,1,mobile,0
CUST01440,Country_J,low,0,25,8,3155.85,0.27,0.25,0,1,online,0
CUST01441,Country_G,low,0,2,23,30775.63,0.22,0.15,0,1,online,0
CUST01442,Country_D,medium,0,8,14,3221.18,0.02,0.03,0,1,online,0
CUST01443,Country_H,low,0,18,11,913.94,0.2,0.03,0,1,online,0
CUST01444,Country_F,low,0,59,18,26012.25,0.01,0.15,0,1,mobile,0
CUST01445,Country_I,low,0,29,11,4239.41,0.21,0.14,0,1,mobile,0
CUST01446,Country_I,low,0,4,23,369.54,0.25,0.28,0,1,online,0
CUST01447,Country_I,low,0,68,7,4318.16,0.12,0.18,0,1,branch,0
CUST01448,Country_J,low,0,45,16,22324.69,0.04,0.11,0,1,online,0
CUST01449,Country_E,medium,0,18,14,12309.42,0.12,0.52,0,1,online,0
CUST01450,Country_J,low,1,5,13,805.0,0.27,0.27,0,1,online,0
CUST01451,Country_H,low,0,112,13,5011.69,0.04,0.34,0,1,mobile,0
CUST01452,Country_F,low,0,46,11,589.09,0.14,0.08,0,1,branch,0
CUST01453,Country_G,low,0,0,21,2814.67,0.26,0.18,0,1,branch,0
CUST01454,Country_J,low,0,14,13,2932.87,0.16,0.09,0,1,branch,0
CUST01455,Country_J,low,0,24,13,12505.08,0.28,0.19,0,1,branch,0
CUST01456,Country_F,low,0,79,13,8364.92,0.43,0.28,0,1,online,0
CUST01457,Country_I,low,0,19,15,4745.81,0.02,0.33,0,1,online,0
CUST01458,Country_H,low,0,8,14,7857.43,0.2,0.17,0,1,online,0
CUST01459,Country_F,low,0,38,15,9214.03,0.06,0.04,1,1,branch,0
CUST01460,Country_G,low,0,75,12,12245.26,0.23,0.17,0,1,mobile,0
CUST01461,Country_H,low,0,22,20,7730.43,0.16,0.24,0,1,online,0
CUST01462,Country_G,low,0,1,27,15781.23,0.13,0.43,0,1,mobile,0
CUST01463,Country_C,high,0,0,12,15897.91,0.05,0.28,0,1,online,0
CUST01464,Country_C,high,0,14,25,29430.19,0.27,0.19,0,1,mobile,0
CUST01465,Country_I,low,0,3,14,1363.5,0.16,0.51,0,1,online,0
CUST01466,Country_B,high,1,47,13,7852.79,0.1,0.03,0,1,online,1
CUST01467,Country_J,low,0,23,20,237.9,0.07,0.15,0,1,mobile,0
CUST01468,Country_J,low,0,1,16,840.21,0.28,0.46,0,1,branch,0
CUST01469,Country_B,high,0,15,16,1758.52,0.05,0.44,0,1,mobile,0
CUST01470,Country_G,low,0,7,13,4490.4,0.25,0.08,0,1,branch,0
CUST01471,Country_H,low,0,10,17,4068.56,0.21,0.27,0,1,online,0
CUST01472,Country_H,low,0,11,20,16302.23,0.02,0.1,0,1,online,0
CUST01473,Country_I,low,0,3,15,1095.34,0.12,0.38,0,1,branch,0
CUST01474,Country_G,low,0,4,10,1761.24,0.03,0.09,0,1,online,0
CUST01475,Country_J,low,0,22,12,1804.38,0.14,0.14,0,1,online,0
CUST01476,Country_J,low,0,3,17,1229.0,0.23,0.03,0,1,online,0
CUST01477,Country_F,low,0,3,12,1481.84,0.02,0.06,0,1,branch,0
CUST01478,Country_E,medium,0,32,18,2252.62,0.15,0.17,0,1,branch,0
CUST01479,Country_J,low,0,9,14,21820.03,0.01,0.1,0,1,mobile,0
CUST01480,Country_G,low,0,34,16,1851.68,0.05,0.24,0,1,branch,0
CUST01481,Country_F,low,0,53,15,8518.7,0.1,0.18,0,1,mobile,0
CUST01482,Country_G,low,0,8,16,3686.1,0.04,0.18,0,1,branch,0
CUST01483,Country_J,low,0,7,18,6304.89,0.15,0.5,0,1,online,0
CUST01484,Country_J,low,0,41,19,927.84,0.29,0.09,0,1,mobile,0
CUST01485,Country_H,low,0,38,15,10361.6,0.32,0.24,0,1,branch,0
CUST01486,Country_F,low,0,0,16,3943.75,0.38,0.21,0,1,online,0
CUST01487,Country_C,high,0,51,16,20222.64,0.28,0.04,0,1,online,0
CUST01488,Country_D,medium,0,2,12,453.45,0.11,0.18,0,1,branch,0
CUST01489,Country_D,medium,0,16,15,2219.11,0.36,0.05,0,1,mobile,0
CUST01490,Country_F,low,0,2,12,19861.82,0.09,0.35,0,1,online,0
CUST01491,Country_D,medium,0,28,14,3582.81,0.12,0.35,0,0,mobile,0
CUST01492,Country_I,low,0,8,10,6087.83,0.29,0.2,1,1,online,0
CUST01493,Country_G,low,0,88,9,2817.74,0.6,0.04,0,1,branch,0
CUST01494,Country_H,low,0,26,23,729.58,0.12,0.09,0,1,online,0
CUST01495,Country_E,medium,0,2,17,3083.53,0.11,0.14,0,1,mobile,0
CUST01496,Country_C,high,0,1,20,23753.36,0.1,0.16,0,1,online,0
CUST01497,Country_H,low,0,26,14,17931.66,0.1,0.29,0,1,mobile,0
CUST01498,Country_H,low,0,5,16,3504.57,0.48,0.19,0,1,mobile,0
CUST01499,Country_H,low,0,1,14,7721.62,0.08,0.29,0,1,mobile,0
CUST01500,Country_D,medium,0,37,12,21428.77,0.12,0.39,0,1,mobile,0
CUST01501,Country_G,low,0,2,18,1205.31,0.13,0.2,0,1,branch,0
CUST01502,Country_G,low,0,40,16,23504.59,0.08,0.22,0,1,mobile,0
CUST01503,Country_E,medium,0,22,19,1543.27,0.01,0.03,0,0,branch,0
CUST01504,Country_E,medium,0,21,23,4624.03,0.16,0.4,1,0,mobile,1
CUST01505,Country_H,low,0,35,11,2913.84,0.12,0.03,0,1,online,0
CUST01506,Country_F,low,0,0,11,1991.4,0.45,0.02,0,1,mobile,0
CUST01507,Country_H,low,0,10,13,1176.43,0.02,0.6,0,1,online,0
CUST01508,Country_A,high,0,29,14,14598.43,0.05,0.07,0,1,branch,0
CUST01509,Country_I,low,0,24,17,8051.16,0.34,0.36,0,1,mobile,0
CUST01510,Country_E,medium,0,6,20,9134.93,0.24,0.22,0,1,mobile,0
CUST01511,Country_G,low,0,12,16,4414.99,0.34,0.61,0,1,mobile,0
CUST01512,Country_G,low,0,10,19,2840.68,0.13,0.43,0,1,branch,0
CUST01513,Country_G,low,0,27,13,2400.59,0.17,0.13,0,0,mobile,0
CUST01514,Country_I,low,0,59,14,2149.62,0.09,0.08,0,1,online,0
CUST01515,Country_J,low,1,4,20,3464.85,0.16,0.16,0,1,branch,0
CUST01516,Country_H,low,0,30,15,1500.11,0.28,0.3,0,1,online,0
CUST01517,Country_A,high,0,11,18,4855.7,0.42,0.33,0,0,mobile,1
CUST01518,Country_E,medium,0,46,12,29035.25,0.18,0.15,0,1,online,0
CUST01519,Country_G,low,0,8,17,2872.92,0.41,0.14,0,1,mobile,0
CUST01520,Country_I,low,0,35,10,1288.61,0.48,0.15,0,1,mobile,0
CUST01521,Country_H,low,0,25,21,3815.49,0.24,0.11,0,1,branch,0
CUST01522,Country_H,low,0,7,13,2748.12,0.12,0.09,0,1,online,0
CUST01523,Country_A,high,0,7,14,61356.69,0.26,0.23,0,1,branch,0
CUST01524,Country_J,low,0,5,18,6687.07,0.19,0.18,0,1,mobile,0
CUST01525,Country_D,medium,0,61,16,1144.12,0.11,0.48,0,1,online,0
CUST01526,Country_F,low,0,32,15,11084.57,0.17,0.2,0,1,online,0
CUST01527,Country_H,low,0,25,18,15912.63,0.11,0.06,0,1,mobile,0
CUST01528,Country_I,low,0,5,14,15334.75,0.13,0.25,0,1,mobile,0
CUST01529,Country_G,low,0,2,20,3734.1,0.43,0.07,0,1,mobile,0
CUST01530,Country_G,low,0,22,13,13349.24,0.48,0.17,0,0,mobile,0
CUST01531,Country_J,low,0,16,15,2226.56,0.09,0.2,0,1,online,0
CUST01532,Country_I,low,0,36,14,8316.15,0.36,0.04,0,1,branch,0
CUST01533,Country_H,low,0,49,7,1113.43,0.04,0.03,0,1,branch,0
CUST01534,Country_A,high,0,27,15,16055.08,0.02,0.07,0,1,branch,1
CUST01535,Country_D,medium,0,22,15,528.46,0.47,0.22,0,0,online,0
CUST01536,Country_B,high,0,7,11,2383.65,0.21,0.1,0,1,branch,0
CUST01537,Country_A,high,0,25,19,15623.39,0.17,0.18,0,1,branch,0
CUST01538,Country_F,low,0,14,15,3290.91,0.29,0.17,0,1,mobile,0
CUST01539,Country_D,medium,0,17,16,7577.7,0.07,0.26,0,1,mobile,0
CUST01540,Country_G,low,0,13,12,602.43,0.15,0.39,0,1,online,0
CUST01541,Country_F,low,0,11,7,1035.19,0.08,0.1,0,1,online,0
CUST01542,Country_J,low,0,6,17,10767.34,0.26,0.02,0,1,online,0
CUST01543,Country_G,low,0,31,23,2918.54,0.22,0.15,0,1,mobile,0
CUST01544,Country_G,low,0,27,21,1635.71,0.14,0.44,0,1,branch,0
CUST01545,Country_G,low,0,14,19,3251.74,0.3,0.7,0,1,branch,0
CUST01546,Country_G,low,0,53,14,2570.82,0.17,0.12,0,1,mobile,0
CUST01547,Country_E,medium,0,14,15,640.99,0.23,0.15,0,1,online,0
CUST01548,Country_D,medium,0,2,21,13267.29,0.14,0.27,0,1,mobile,0
CUST01549,Country_J,low,0,18,21,5613.32,0.18,0.63,0,1,online,0
CUST01550,Country_G,low,0,68,22,10819.17,0.42,0.32,0,0,mobile,1
CUST01551,Country_H,low,0,49,18,1964.6,0.32,0.47,0,0,online,0
CUST01552,Country_F,low,0,65,12,1619.4,0.16,0.25,0,1,branch,0
CUST01553,Country_F,low,0,56,19,1234.42,0.11,0.38,0,1,online,0
CUST01554,Country_I,low,0,25,15,5428.75,0.02,0.06,0,1,online,0
CUST01555,Country_C,high,0,20,14,8527.82,0.18,0.04,0,1,branch,1
CUST01556,Country_F,low,1,5,23,4241.47,0.12,0.23,0,1,mobile,0
CUST01557,Country_H,low,0,24,23,870.71,0.07,0.4,0,1,branch,0
CUST01558,Country_F,low,1,32,19,8634.88,0.44,0.35,0,1,mobile,1
CUST01559,Country_G,low,0,2,14,857.82,0.11,0.13,0,1,mobile,0
CUST01560,Country_H,low,0,6,23,1450.44,0.4,0.17,0,1,mobile,0
CUST01561,Country_I,low,0,13,14,6615.9,0.45,0.32,0,1,online,0
CUST01562,Country_F,low,0,119,12,8202.91,0.19,0.32,0,1,mobile,0
CUST01563,Country_G,low,0,37,14,7193.39,0.16,0.06,0,1,mobile,0
CUST01564,Country_H,low,0,14,13,3295.61,0.34,0.34,0,0,mobile,0
CUST01565,Country_H,low,0,24,8,612.44,0.23,0.21,0,1,online,0
CUST01566,Country_J,low,0,93,14,4250.1,0.32,0.51,0,1,mobile,0
CUST01567,Country_J,low,0,40,13,55175.19,0.4,0.24,0,1,mobile,0
CUST01568,Country_I,low,0,29,12,9139.94,0.55,0.45,0,1,online,0
CUST01569,Country_A,high,0,27,15,2282.9,0.05,0.18,0,1,branch,0
CUST01570,Country_C,high,0,24,20,808.34,0.15,0.06,0,1,mobile,0
CUST01571,Country_H,low,0,0,16,759.66,0.13,0.24,0,1,mobile,0
CUST01572,Country_J,low,0,11,6,12146.13,0.17,0.2,0,1,online,0
CUST01573,Country_I,low,0,15,19,2499.2,0.14,0.12,0,0,online,0
CUST01574,Country_J,low,0,73,16,10992.42,0.17,0.03,0,1,branch,0
CUST01575,Country_B,high,0,36,11,4646.17,0.21,0.2,0,1,mobile,0
CUST01576,Country_E,medium,1,4,26,1034.09,0.09,0.27,0,1,mobile,1
CUST01577,Country_I,low,0,36,13,1792.56,0.18,0.12,0,1,branch,0
CUST01578,Country_D,medium,0,13,15,21297.58,0.13,0.49,0,0,online,0
CUST01579,Country_H,low,0,26,12,2651.78,0.22,0.06,0,1,branch,0
CUST01580,Country_E,medium,0,57,10,763.64,0.22,0.24,0,1,mobile,0
CUST01581,Country_F,low,0,27,20,8385.64,0.17,0.6,0,0,branch,0
CUST01582,Country_I,low,0,11,19,1894.16,0.3,0.08,0,1,online,0
CUST01583,Country_F,low,0,28,8,316.7,0.28,0.03,0,1,online,0
CUST01584,Country_I,low,0,7,19,3406.94,0.08,0.03,0,1,branch,0
CUST01585,Country_A,high,0,7,17,2575.53,0.41,0.17,0,1,online,1
CUST01586,Country_F,low,0,69,11,10440.15,0.34,0.09,0,1,online,0
CUST01587,Country_J,low,0,6,16,7545.37,0.14,0.27,0,1,branch,0
CUST01588,Country_E,medium,0,5,17,7504.76,0.05,0.23,0,1,mobile,0
CUST01589,Country_F,low,0,43,10,2744.85,0.3,0.36,0,1,online,0
CUST01590,Country_A,high,0,8,17,430.34,0.06,0.3,0,1,mobile,0
CUST01591,Country_F,low,0,233,12,680.13,0.08,0.27,0,1,branch,0
CUST01592,Country_A,high,0,26,12,12949.28,0.34,0.07,0,1,online,0
CUST01593,Country_I,low,0,28,13,1018.87,0.05,0.18,0,1,branch,0
CUST01594,Country_I,low,0,13,16,12152.5,0.1,0.44,0,0,mobile,0
CUST01595,Country_F,low,0,9,13,9845.94,0.11,0.15,0,1,branch,0
CUST01596,Country_F,low,0,36,20,430.02,0.2,0.01,0,1,branch,0
CUST01597,Country_H,low,0,1,22,26191.97,0.06,0.06,0,1,mobile,0
CUST01598,Country_J,low,0,79,14,3745.92,0.09,0.17,0,1,mobile,0
CUST01599,Country_G,low,0,24,16,24683.79,0.36,0.15,0,1,online,0
CUST01600,Country_E,medium,0,32,11,1464.13,0.26,0.16,0,1,mobile,0
CUST01601,Country_H,low,0,10,10,562.34,0.11,0.09,0,1,branch,0
CUST01602,Country_I,low,0,1,15,5298.77,0.37,0.13,0,1,branch,0
CUST01603,Country_J,low,0,18,16,53399.6,0.33,0.08,0,1,mobile,0
CUST01604,Country_H,low,0,8,10,5241.18,0.16,0.11,0,1,branch,0
CUST01605,Country_H,low,0,3,19,6908.29,0.27,0.29,0,1,online,0
CUST01606,Country_H,low,0,2,13,1349.53,0.31,0.51,0,1,branch,0
CUST01607,Country_F,low,0,20,11,4725.9,0.23,0.09,0,1,online,0
CUST01608,Country_H,low,0,60,16,1032.35,0.25,0.11,0,1,online,0
CUST01609,Country_F,low,0,66,8,3831.07,0.18,0.35,0,1,mobile,0
CUST01610,Country_A,high,0,10,16,8505.01,0.04,0.27,0,0,mobile,0
CUST01611,Country_H,low,0,2,26,7447.29,0.38,0.39,0,1,mobile,0
CUST01612,Country_F,low,0,15,11,5240.06,0.23,0.07,0,1,branch,0
CUST01613,Country_F,low,0,33,21,965.85,0.1,0.16,0,1,branch,0
CUST01614,Country_H,low,0,11,14,1130.04,0.07,0.31,0,1,branch,0
CUST01615,Country_B,high,0,0,13,8567.87,0.47,0.32,0,1,mobile,1
CUST01616,Country_J,low,0,22,17,3232.07,0.2,0.22,0,1,branch,0
CUST01617,Country_I,low,0,17,11,2091.65,0.08,0.14,0,1,online,0
CUST01618,Country_I,low,0,15,13,18925.46,0.17,0.07,0,1,mobile,0
CUST01619,Country_C,high,0,3,17,17565.04,0.13,0.2,0,1,mobile,0
CUST01620,Country_F,low,0,40,19,7496.0,0.16,0.09,0,1,branch,0
CUST01621,Country_F,low,0,8,14,13481.81,0.07,0.22,0,1,online,0
CUST01622,Country_B,high,0,0,15,362.65,0.22,0.29,0,1,branch,0
CUST01623,Country_F,low,0,50,19,8267.63,0.2,0.25,0,1,mobile,0
CUST01624,Country_A,high,0,28,24,27180.82,0.28,0.2,0,1,online,0
CUST01625,Country_I,low,0,0,11,239.32,0.29,0.05,0,1,online,0
CUST01626,Country_F,low,0,7,14,6921.37,0.18,0.05,0,1,branch,0
CUST01627,Country_I,low,0,33,20,431.79,0.13,0.29,0,1,mobile,0
CUST01628,Country_G,low,0,48,15,3297.74,0.25,0.11,0,0,branch,0
CUST01629,Country_F,low,0,17,14,20089.97,0.05,0.14,0,1,online,0
CUST01630,Country_I,low,0,20,19,7669.36,0.43,0.05,0,1,branch,0
CUST01631,Country_J,low,0,2,19,8923.42,0.42,0.07,0,1,mobile,0
CUST01632,Country_G,low,0,25,15,18738.09,0.08,0.03,0,1,online,0
CUST01633,Country_H,low,0,5,14,699.6,0.19,0.09,0,1,online,0
CUST01634,Country_A,high,0,28,18,1498.99,0.15,0.26,1,1,mobile,1
CUST01635,Country_G,low,0,20,11,27134.24,0.25,0.16,0,1,mobile,0
CUST01636,Country_H,low,0,9,15,6362.63,0.27,0.02,0,1,branch,0
CUST01637,Country_I,low,0,83,16,40832.37,0.49,0.2,0,1,online,0
CUST01638,Country_F,low,0,23,15,13894.26,0.3,0.02,0,1,branch,0
CUST01639,Country_F,low,0,9,17,16371.05,0.14,0.2,0,1,mobile,0
CUST01640,Country_I,low,0,26,14,14596.3,0.14,0.05,0,1,branch,0
CUST01641,Country_F,low,0,6,12,12357.95,0.2,0.09,0,1,mobile,0
CUST01642,Country_F,low,0,72,18,182432.03,0.16,0.12,0,1,online,0
CUST01643,Country_I,low,0,9,6,1558.86,0.27,0.07,0,1,online,0
CUST01644,Country_D,medium,0,1,20,26368.61,0.25,0.16,0,1,mobile,0
CUST01645,Country_J,low,0,11,14,7282.25,0.04,0.01,0,1,mobile,0
CUST01646,Country_G,low,0,73,19,1153.74,0.14,0.17,0,1,online,0
CUST01647,Country_F,low,0,18,15,2888.31,0.21,0.09,0,1,mobile,0
CUST01648,Country_E,medium,0,34,16,1206.17,0.39,0.11,0,1,online,0
CUST01649,Country_I,low,0,4,10,8209.02,0.26,0.16,0,1,mobile,0
CUST01650,Country_F,low,0,2,14,3126.78,0.24,0.13,0,1,online,0
CUST01651,Country_J,low,0,44,11,11639.73,0.09,0.13,0,1,mobile,0
CUST01652,Country_D,medium,0,1,33,4022.41,0.1,0.45,0,1,mobile,0
CUST01653,Country_E,medium,0,42,15,3029.11,0.14,0.21,0,1,online,0
CUST01654,Country_G,low,0,1,19,30730.48,0.07,0.36,0,1,branch,0
CUST01655,Country_F,low,0,3,12,915.26,0.09,0.13,0,1,mobile,0
CUST01656,Country_F,low,0,7,22,1038.93,0.36,0.11,0,1,online,0
CUST01657,Country_G,low,0,28,12,21820.24,0.37,0.34,0,0,mobile,0
CUST01658,Country_G,low,0,39,16,13367.59,0.5,0.07,0,1,mobile,0
CUST01659,Country_I,low,1,20,25,27231.98,0.12,0.09,0,1,mobile,0
CUST01660,Country_D,medium,0,5,19,5988.55,0.14,0.13,0,0,online,0
CUST01661,Country_J,low,0,91,17,16394.41,0.19,0.26,0,1,mobile,0
CUST01662,Country_G,low,0,1,15,8667.86,0.05,0.15,0,1,online,0
CUST01663,Country_F,low,0,10,14,67294.03,0.1,0.45,0,1,mobile,0
CUST01664,Country_H,low,0,21,18,16839.31,0.29,0.28,0,1,mobile,0
CUST01665,Country_I,low,0,4,20,917.96,0.07,0.12,0,1,branch,0
CUST01666,Country_G,low,0,0,15,12447.4,0.33,0.03,0,1,online,0
CUST01667,Country_F,low,0,5,15,2787.48,0.19,0.12,0,1,online,0
CUST01668,Country_J,low,0,104,17,2023.75,0.53,0.08,0,1,branch,0
CUST01669,Country_A,high,0,3,16,4721.51,0.44,0.27,0,1,mobile,1
CUST01670,Country_H,low,0,20,13,30177.28,0.04,0.03,0,1,online,0
CUST01671,Country_H,low,0,23,9,14511.49,0.15,0.19,0,1,branch,0
CUST01672,Country_E,medium,0,16,11,2260.81,0.02,0.37,0,1,online,0
CUST01673,Country_E,medium,0,25,15,1655.54,0.47,0.11,0,1,branch,0
CUST01674,Country_G,low,0,39,5,12012.62,0.15,0.21,1,1,mobile,0
CUST01675,Country_H,low,0,33,12,275.38,0.22,0.26,0,1,mobile,0
CUST01676,Country_I,low,0,8,11,979.27,0.08,0.26,0,1,mobile,0
CUST01677,Country_D,medium,0,29,18,6017.08,0.12,0.06,0,1,branch,0
CUST01678,Country_I,low,0,16,16,1801.61,0.01,0.23,0,1,online,0
CUST01679,Country_A,high,0,35,16,3541.67,0.26,0.14,0,1,branch,0
CUST01680,Country_G,low,0,1,22,5341.44,0.23,0.04,0,1,online,0
CUST01681,Country_G,low,0,2,16,16912.56,0.22,0.25,0,1,mobile,0
CUST01682,Country_H,low,0,6,17,3276.46,0.01,0.42,0,1,mobile,0
CUST01683,Country_J,low,0,0,20,586.12,0.37,0.1,0,1,branch,0
CUST01684,Country_H,low,0,17,15,14022.07,0.05,0.2,0,1,online,0
CUST01685,Country_G,low,0,71,13,17037.79,0.33,0.29,0,1,branch,0
CUST01686,Country_D,medium,1,4,20,2192.73,0.14,0.22,0,1,online,1
CUST01687,Country_I,low,0,2,12,3553.01,0.13,0.26,0,1,online,0
CUST01688,Country_J,low,0,15,23,3877.35,0.06,0.21,0,1,branch,0
CUST01689,Country_I,low,0,3,18,12262.1,0.48,0.2,0,1,mobile,0
CUST01690,Country_H,low,0,44,11,1373.94,0.14,0.31,0,1,branch,0
CUST01691,Country_F,low,0,48,17,288.98,0.24,0.3,0,1,branch,0
CUST01692,Country_F,low,0,31,15,13669.35,0.29,0.23,0,1,mobile,0
CUST01693,Country_J,low,0,5,20,13863.75,0.05,0.18,0,1,mobile,0
CUST01694,Country_F,low,0,18,12,2115.34,0.06,0.2,0,1,mobile,0
CUST01695,Country_D,medium,0,4,11,495.79,0.2,0.12,0,1,online,0
CUST01696,Country_F,low,0,26,13,6163.43,0.11,0.18,0,1,branch,0
CUST01697,Country_D,medium,0,75,12,112.84,0.08,0.08,0,0,online,0
CUST01698,Country_I,low,0,27,16,3683.27,0.32,0.13,0,1,online,0
CUST01699,Country_C,high,0,47,9,14474.29,0.14,0.1,0,1,branch,0
CUST01700,Country_I,low,0,54,14,3437.34,0.32,0.22,0,1,branch,0
CUST01701,Country_D,medium,0,40,12,24586.45,0.29,0.22,0,1,branch,0
CUST01702,Country_J,low,0,0,19,3262.44,0.39,0.02,0,1,mobile,0
CUST01703,Country_C,high,0,7,16,2297.25,0.24,0.15,0,1,online,0
CUST01704,Country_I,low,0,11,16,1259.13,0.04,0.49,0,1,mobile,0
CUST01705,Country_H,low,0,30,13,1459.8,0.24,0.35,0,0,online,0
CUST01706,Country_I,low,0,18,20,894.14,0.21,0.08,0,1,branch,0
CUST01707,Country_J,low,0,10,12,1406.27,0.1,0.11,0,1,branch,0
CUST01708,Country_H,low,0,2,12,3368.43,0.25,0.13,0,1,online,0
CUST01709,Country_H,low,0,37,15,13795.52,0.29,0.66,0,0,branch,0
CUST01710,Country_I,low,0,11,14,20655.8,0.05,0.17,0,1,mobile,0
CUST01711,Country_C,high,0,23,22,16871.46,0.38,0.31,0,1,branch,0
CUST01712,Country_G,low,0,0,15,6755.59,0.13,0.22,0,1,online,0
CUST01713,Country_G,low,0,4,15,5411.18,0.25,0.1,0,1,branch,0
CUST01714,Country_F,low,0,11,11,17177.78,0.08,0.18,0,1,online,0
CUST01715,Country_H,low,0,3,13,4913.6,0.23,0.24,1,1,branch,0
CUST01716,Country_D,medium,0,3,19,3748.92,0.07,0.07,0,1,online,0
CUST01717,Country_J,low,0,7,17,405.71,0.08,0.17,0,1,online,0
CUST01718,Country_G,low,0,9,17,36980.97,0.23,0.13,0,1,online,0
CUST01719,Country_G,low,0,11,16,13097.69,0.18,0.4,0,0,online,0
CUST01720,Country_E,medium,0,22,11,6338.97,0.19,0.16,0,1,online,0
CUST01721,Country_F,low,0,2,9,907.19,0.26,0.15,0,1,online,0
CUST01722,Country_D,medium,0,13,16,29975.51,0.02,0.2,0,1,branch,0
CUST01723,Country_C,high,0,1,11,822.89,0.21,0.08,0,1,branch,0
CUST01724,Country_I,low,0,22,21,1208.92,0.09,0.32,0,1,mobile,0
CUST01725,Country_A,high,0,25,8,47784.66,0.04,0.01,0,1,mobile,0
CUST01726,Country_I,low,0,53,14,13184.45,0.21,0.14,0,1,mobile,0
CUST01727,Country_J,low,0,33,19,3557.19,0.31,0.09,0,1,mobile,0
CUST01728,Country_J,low,0,41,9,492.98,0.12,0.18,0,1,online,0
CUST01729,Country_G,low,0,1,9,3286.65,0.14,0.21,0,1,branch,0
CUST01730,Country_F,low,0,109,15,13102.53,0.26,0.43,0,1,mobile,0
CUST01731,Country_F,low,0,46,14,1733.29,0.2,0.25,0,1,branch,0
CUST01732,Country_B,high,0,21,16,33066.87,0.23,0.08,0,0,mobile,1
CUST01733,Country_G,low,0,14,15,50351.28,0.25,0.1,0,1,mobile,0
CUST01734,Country_F,low,0,5,14,561.41,0.15,0.28,0,1,online,0
CUST01735,Country_J,low,0,38,13,56511.91,0.26,0.27,0,0,mobile,0
CUST01736,Country_G,low,0,16,13,7334.07,0.23,0.14,0,1,mobile,0
CUST01737,Country_J,low,0,0,13,6943.96,0.11,0.2,0,1,branch,0
CUST01738,Country_G,low,0,10,14,2492.91,0.32,0.3,0,1,mobile,0
CUST01739,Country_B,high,0,20,15,26305.34,0.35,0.3,0,1,online,0
CUST01740,Country_H,low,0,22,11,10572.35,0.06,0.25,0,1,mobile,0
CUST01741,Country_E,medium,0,26,10,8472.56,0.16,0.22,0,1,branch,0
CUST01742,Country_F,low,0,35,14,922.05,0.12,0.19,0,1,mobile,0
CUST01743,Country_J,low,0,21,22,11477.28,0.08,0.11,0,1,online,0
CUST01744,Country_E,medium,0,39,20,2714.67,0.17,0.41,0,1,online,0
CUST01745,Country_I,low,0,27,12,2970.24,0.03,0.09,0,1,mobile,0
CUST01746,Country_J,low,0,8,8,1875.13,0.06,0.02,0,1,online,0
CUST01747,Country_G,low,0,22,20,5004.3,0.29,0.19,0,1,online,0
CUST01748,Country_B,high,0,10,14,2571.97,0.24,0.1,0,1,branch,0
CUST01749,Country_D,medium,0,48,13,1880.23,0.47,0.26,0,1,mobile,0
CUST01750,Country_E,medium,0,27,24,2775.63,0.16,0.52,0,1,mobile,0
CUST01751,Country_J,low,1,3,10,3166.15,0.56,0.08,0,1,online,1
CUST01752,Country_H,low,0,41,12,2006.0,0.42,0.15,0,1,mobile,0
CUST01753,Country_J,low,0,9,12,6820.51,0.25,0.43,0,1,online,0
CUST01754,Country_F,low,0,28,8,2191.48,0.05,0.08,0,1,mobile,0
CUST01755,Country_J,low,0,7,17,2988.41,0.33,0.26,0,1,branch,0
CUST01756,Country_J,low,0,20,13,618.71,0.23,0.41,0,1,online,0
CUST01757,Country_F,low,0,5,20,37555.93,0.2,0.45,0,1,online,0
CUST01758,Country_B,high,0,8,13,1217.78,0.05,0.16,0,0,mobile,1
CUST01759,Country_G,low,0,14,17,548.68,0.17,0.11,0,0,mobile,0
CUST01760,Country_H,low,0,6,13,3169.44,0.04,0.23,0,1,branch,0
CUST01761,Country_F,low,0,16,17,54195.64,0.11,0.17,0,1,online,0
CUST01762,Country_J,low,0,6,24,4280.71,0.11,0.04,0,1,online,0
CUST01763,Country_F,low,0,10,13,2165.71,0.12,0.21,0,1,branch,0
CUST01764,Country_J,low,0,3,17,1626.69,0.17,0.03,0,1,mobile,0
CUST01765,Country_E,medium,0,14,16,12350.07,0.08,0.04,0,1,online,0
CUST01766,Country_I,low,0,8,15,583.38,0.04,0.27,0,1,online,0
CUST01767,Country_J,low,0,43,7,5202.35,0.03,0.19,0,0,mobile,0
CUST01768,Country_H,low,0,4,18,1591.78,0.05,0.35,0,1,mobile,0
CUST01769,Country_G,low,0,39,8,14988.51,0.38,0.14,0,1,online,0
CUST01770,Country_J,low,0,20,18,5881.73,0.14,0.25,0,1,mobile,0
CUST01771,Country_J,low,0,66,17,1371.93,0.13,0.17,0,1,mobile,0
CUST01772,Country_F,low,0,53,13,3662.42,0.3,0.11,0,1,online,0
CUST01773,Country_I,low,0,65,15,25321.37,0.13,0.06,0,1,online,0
CUST01774,Country_G,low,0,15,15,175.61,0.21,0.1,0,1,online,0
CUST01775,Country_J,low,0,7,16,16470.33,0.57,0.09,0,1,online,0
CUST01776,Country_G,low,0,16,13,1201.03,0.21,0.1,0,1,branch,0
CUST01777,Country_D,medium,0,2,17,11246.61,0.12,0.28,0,1,mobile,0
CUST01778,Country_H,low,0,18,18,2313.52,0.14,0.16,0,1,mobile,0
CUST01779,Country_D,medium,0,36,14,1108.48,0.04,0.03,0,1,branch,0
CUST01780,Country_G,low,0,43,9,20256.62,0.04,0.5,0,1,branch,0
CUST01781,Country_I,low,0,0,13,3533.47,0.32,0.05,0,1,mobile,0
CUST01782,Country_H,low,0,25,18,12316.64,0.1,0.25,0,1,mobile,0
CUST01783,Country_I,low,0,22,10,12315.2,0.24,0.02,0,1,mobile,0
CUST01784,Country_A,high,0,53,16,2682.59,0.29,0.05,0,1,mobile,0
CUST01785,Country_F,low,0,14,13,12592.2,0.25,0.32,0,1,branch,0
CUST01786,Country_F,low,0,116,20,2616.89,0.17,0.05,0,1,branch,0
CUST01787,Country_I,low,0,4,15,2406.96,0.31,0.25,0,1,online,0
CUST01788,Country_G,low,0,51,15,16098.17,0.09,0.05,0,1,branch,0
CUST01789,Country_J,low,0,1,16,6897.96,0.15,0.15,1,1,branch,0
CUST01790,Country_A,high,0,32,14,22366.69,0.24,0.39,0,1,branch,1
CUST01791,Country_H,low,0,10,14,3225.61,0.2,0.4,0,1,branch,0
CUST01792,Country_A,high,0,18,16,3840.71,0.43,0.29,0,1,branch,1
CUST01793,Country_H,low,0,21,12,15292.85,0.41,0.23,0,1,mobile,0
CUST01794,Country_I,low,0,14,15,5161.39,0.07,0.11,0,1,mobile,0
CUST01795,Country_J,low,0,45,9,8212.2,0.26,0.11,0,1,mobile,0
CUST01796,Country_E,medium,0,9,20,1341.6,0.48,0.2,0,1,mobile,0
CUST01797,Country_I,low,0,38,21,2283.95,0.05,0.14,0,1,mobile,0
CUST01798,Country_J,low,0,6,13,2883.46,0.4,0.18,0,1,online,0
CUST01799,Country_D,medium,0,30,10,3126.05,0.23,0.37,0,1,branch,0
CUST01800,Country_F,low,0,10,17,3967.06,0.72,0.27,0,1,mobile,0
CUST01801,Country_G,low,0,1,11,4317.43,0.17,0.03,0,1,mobile,0
CUST01802,Country_J,low,0,1,16,17905.31,0.06,0.57,0,1,branch,0
CUST01803,Country_G,low,0,30,12,203.22,0.22,0.5,0,1,online,0
CUST01804,Country_J,low,0,21,15,57081.19,0.09,0.35,0,1,mobile,0
CUST01805,Country_H,low,0,11,23,40880.72,0.18,0.32,0,1,online,0
CUST01806,Country_J,low,0,20,24,3814.11,0.37,0.02,0,1,online,0
CUST01807,Country_H,low,0,24,15,4672.09,0.39,0.36,0,1,branch,0
CUST01808,Country_E,medium,0,8,13,19229.28,0.15,0.22,0,1,branch,0
CUST01809,Country_D,medium,0,2,9,1485.23,0.09,0.02,0,1,online,0
CUST01810,Country_H,low,0,1,6,6791.78,0.26,0.34,0,1,online,0
CUST01811,Country_F,low,0,80,13,13532.48,0.33,0.24,0,0,online,0
CUST01812,Country_I,low,0,49,13,1690.66,0.17,0.03,0,1,mobile,0
CUST01813,Country_G,low,0,4,13,7935.32,0.12,0.05,0,1,online,0
CUST01814,Country_F,low,1,29,13,8504.49,0.16,0.38,0,1,online,0
CUST01815,Country_H,low,0,10,11,526.23,0.15,0.1,0,1,online,0
CUST01816,Country_F,low,0,44,12,1458.18,0.19,0.03,0,1,mobile,0
CUST01817,Country_H,low,0,16,19,5452.93,0.15,0.24,0,1,online,0
CUST01818,Country_H,low,0,2,18,4404.32,0.08,0.1,0,1,online,0
CUST01819,Country_J,low,0,7,21,15181.94,0.14,0.27,0,1,mobile,0
CUST01820,Country_H,low,0,1,6,3620.47,0.18,0.27,0,1,online,0
CUST01821,Country_D,medium,0,29,18,1933.29,0.14,0.12,0,0,branch,0
CUST01822,Country_I,low,0,53,13,2003.9,0.2,0.01,0,1,mobile,0
CUST01823,Country_F,low,0,2,21,6650.86,0.06,0.17,0,1,online,0
CUST01824,Country_H,low,0,29,13,474.07,0.15,0.55,0,1,mobile,0
CUST01825,Country_G,low,0,111,14,1624.78,0.11,0.04,0,1,online,0
CUST01826,Country_G,low,0,33,18,9394.3,0.12,0.19,0,1,branch,0
CUST01827,Country_E,medium,0,17,17,14698.14,0.19,0.16,0,1,branch,0
CUST01828,Country_I,low,0,1,14,5017.3,0.07,0.2,0,1,online,0
CUST01829,Country_I,low,0,11,22,5934.68,0.1,0.03,0,1,mobile,0
CUST01830,Country_B,high,0,0,16,533.1,0.18,0.16,0,1,branch,0
CUST01831,Country_G,low,0,26,10,2435.51,0.09,0.02,0,1,online,0
CUST01832,Country_F,low,0,57,11,7205.9,0.21,0.16,0,0,mobile,0
CUST01833,Country_H,low,0,9,16,3503.23,0.18,0.11,0,1,mobile,0
CUST01834,Country_E,medium,0,7,16,5739.37,0.27,0.09,0,1,branch,0
CUST01835,Country_I,low,0,26,20,7722.25,0.13,0.22,0,1,branch,0
CUST01836,Country_F,low,0,7,9,1885.59,0.17,0.16,0,1,mobile,0
CUST01837,Country_A,high,0,96,12,26424.36,0.28,0.61,0,0,branch,1
CUST01838,Country_G,low,0,60,15,3648.81,0.04,0.09,0,1,online,0
CUST01839,Country_J,low,0,0,11,1167.13,0.1,0.16,0,1,online,0
CUST01840,Country_G,low,0,9,8,950.12,0.15,0.25,0,1,branch,0
CUST01841,Country_G,low,0,19,18,25312.36,0.02,0.07,0,1,branch,0
CUST01842,Country_E,medium,0,43,10,4775.84,0.22,0.02,0,1,mobile,0
CUST01843,Country_I,low,0,33,15,1073.97,0.29,0.32,0,1,mobile,0
CUST01844,Country_A,high,0,3,12,2571.6,0.12,0.07,0,1,mobile,0
CUST01845,Country_H,low,0,9,14,3371.4,0.13,0.47,0,1,branch,0
CUST01846,Country_F,low,0,51,21,11857.57,0.39,0.05,0,1,branch,0
CUST01847,Country_E,medium,0,6,22,1142.41,0.11,0.09,0,1,branch,0
CUST01848,Country_G,low,0,21,22,4859.79,0.2,0.22,0,1,online,0
CUST01849,Country_F,low,0,11,13,2397.33,0.11,0.35,0,1,mobile,0
CUST01850,Country_H,low,0,4,15,371.23,0.21,0.14,0,1,mobile,0
CUST01851,Country_I,low,0,13,12,4606.71,0.21,0.31,0,1,branch,0
CUST01852,Country_J,low,0,9,14,2128.1,0.17,0.26,0,1,mobile,0
CUST01853,Country_F,low,0,6,21,7408.67,0.09,0.25,0,1,mobile,0
CUST01854,Country_A,high,0,28,14,5376.33,0.09,0.07,0,1,branch,0
CUST01855,Country_D,medium,0,12,16,4854.85,0.27,0.38,0,1,mobile,0
CUST01856,Country_A,high,0,25,11,3515.14,0.05,0.19,0,1,branch,0
CUST01857,Country_D,medium,0,19,13,9287.06,0.15,0.37,0,1,mobile,0
CUST01858,Country_H,low,1,22,12,2664.28,0.06,0.23,0,1,branch,0
CUST01859,Country_I,low,0,26,12,414.58,0.22,0.3,0,1,branch,0
CUST01860,Country_J,low,0,66,20,2212.71,0.4,0.02,0,1,branch,0
CUST01861,Country_F,low,0,34,15,26517.33,0.45,0.09,0,1,mobile,0
CUST01862,Country_F,low,0,22,14,5197.6,0.16,0.1,0,0,online,0
CUST01863,Country_G,low,0,57,16,4332.4,0.4,0.52,0,0,mobile,0
CUST01864,Country_D,medium,0,29,11,2096.11,0.16,0.22,0,1,online,0
CUST01865,Country_G,low,0,8,16,1133.25,0.27,0.1,0,1,online,0
CUST01866,Country_J,low,0,21,12,19370.72,0.05,0.04,0,1,mobile,0
CUST01867,Country_I,low,0,0,9,1670.28,0.02,0.14,0,1,online,0
CUST01868,Country_F,low,0,7,9,2283.0,0.08,0.11,0,1,online,0
CUST01869,Country_C,high,0,2,19,13103.04,0.4,0.35,0,1,mobile,0
CUST01870,Country_D,medium,0,80,20,490.43,0.22,0.09,0,1,mobile,0
CUST01871,Country_J,low,0,13,16,5359.68,0.11,0.05,0,1,mobile,0
CUST01872,Country_E,medium,0,5,7,12815.02,0.07,0.07,0,1,online,0
CUST01873,Country_A,high,1,5,17,4273.05,0.02,0.14,0,1,online,1
CUST01874,Country_I,low,0,43,17,1424.42,0.34,0.5,0,1,branch,0
CUST01875,Country_G,low,0,10,13,4200.87,0.21,0.02,0,1,mobile,0
CUST01876,Country_D,medium,0,4,13,7151.62,0.23,0.08,0,1,mobile,0
CUST01877,Country_J,low,0,13,14,6763.27,0.09,0.11,0,1,online,0
CUST01878,Country_I,low,0,21,13,6138.42,0.12,0.13,0,1,mobile,0
CUST01879,Country_G,low,0,44,11,500.13,0.24,0.45,0,1,mobile,0
CUST01880,Country_F,low,0,35,16,676.44,0.24,0.1,0,0,online,0
CUST01881,Country_I,low,0,2,14,15996.6,0.14,0.11,0,1,mobile,0
CUST01882,Country_D,medium,0,92,19,6389.86,0.22,0.04,0,1,online,0
CUST01883,Country_I,low,0,26,20,6306.5,0.11,0.47,0,1,mobile,0
CUST01884,Country_F,low,0,23,15,12566.37,0.3,0.5,0,1,online,0
CUST01885,Country_H,low,0,13,20,370.19,0.13,0.4,0,1,branch,0
CUST01886,Country_H,low,0,12,12,6610.5,0.1,0.17,0,1,branch,0
CUST01887,Country_I,low,0,24,11,7989.02,0.13,0.69,0,1,mobile,0
CUST01888,Country_H,low,0,28,19,5978.99,0.09,0.18,0,1,online,0
CUST01889,Country_F,low,0,20,11,764.33,0.38,0.16,0,1,branch,0
CUST01890,Country_F,low,0,33,12,51250.32,0.33,0.31,0,1,branch,0
CUST01891,Country_H,low,0,3,15,22804.53,0.06,0.25,0,0,branch,0
CUST01892,Country_G,low,0,21,10,2507.02,0.18,0.16,0,1,online,0
CUST01893,Country_I,low,0,48,15,17250.09,0.09,0.3,0,1,branch,0
CUST01894,Country_J,low,0,17,8,455.39,0.04,0.08,0,1,branch,0
CUST01895,Country_E,medium,0,14,16,466.35,0.1,0.1,0,1,online,0
CUST01896,Country_I,low,0,8,13,32456.47,0.24,0.08,0,1,branch,0
CUST01897,Country_E,medium,0,31,17,958.6,0.1,0.22,0,1,online,0
CUST01898,Country_H,low,1,3,20,2636.26,0.33,0.35,0,1,branch,1
CUST01899,Country_D,medium,1,14,17,6851.45,0.07,0.31,0,1,branch,1
CUST01900,Country_J,low,0,49,12,11631.98,0.24,0.07,0,1,online,0
CUST01901,Country_J,low,0,12,25,3310.71,0.21,0.38,0,0,online,0
CUST01902,Country_F,low,0,26,19,6361.68,0.09,0.06,0,1,online,0
CUST01903,Country_H,low,0,106,19,7673.11,0.15,0.26,0,1,branch,0
CUST01904,Country_F,low,1,4,13,14989.62,0.17,0.07,0,1,online,0
CUST01905,Country_G,low,0,12,16,1802.93,0.1,0.39,0,1,mobile,0
CUST01906,Country_H,low,0,31,16,11503.97,0.04,0.06,0,1,online,0
CUST01907,Country_E,medium,0,15,9,2997.77,0.22,0.17,0,1,online,0
CUST01908,Country_D,medium,0,25,17,5048.56,0.13,0.21,0,1,online,0
CUST01909,Country_C,high,0,12,20,9581.11,0.35,0.19,0,1,online,0
CUST01910,Country_H,low,0,16,14,16370.73,0.08,0.25,0,1,branch,0
CUST01911,Country_J,low,0,56,11,1502.11,0.12,0.2,0,1,online,0
CUST01912,Country_I,low,0,1,21,1233.18,0.37,0.06,0,1,online,0
CUST01913,Country_C,high,0,11,17,952.83,0.17,0.16,0,1,online,0
CUST01914,Country_I,low,0,25,20,21619.95,0.3,0.12,0,1,mobile,0
CUST01915,Country_C,high,0,25,18,8865.75,0.12,0.14,0,1,mobile,0
CUST01916,Country_C,high,0,25,16,5691.14,0.28,0.41,0,0,online,1
CUST01917,Country_J,low,0,24,21,24586.41,0.1,0.22,0,1,online,0
CUST01918,Country_G,low,0,19,16,7040.25,0.18,0.28,1,1,branch,0
CUST01919,Country_E,medium,0,13,21,2008.43,0.29,0.49,0,1,mobile,0
CUST01920,Country_H,low,0,8,13,2364.68,0.13,0.39,0,0,mobile,0
CUST01921,Country_H,low,0,44,15,11210.31,0.07,0.06,0,1,branch,0
CUST01922,Country_I,low,0,14,12,4989.47,0.34,0.04,0,1,online,0
CUST01923,Country_I,low,0,10,22,3133.54,0.12,0.53,0,1,mobile,0
CUST01924,Country_C,high,0,30,11,134.96,0.1,0.38,0,1,online,0
CUST01925,Country_F,low,0,28,11,3367.85,0.13,0.25,0,1,branch,0
CUST01926,Country_H,low,0,31,11,17862.04,0.2,0.29,0,1,mobile,0
CUST01927,Country_G,low,0,5,22,7943.26,0.33,0.11,0,1,mobile,0
CUST01928,Country_G,low,1,1,27,83846.19,0.17,0.17,0,1,online,0
CUST01929,Country_C,high,0,9,26,5319.75,0.19,0.22,0,1,mobile,0
CUST01930,Country_J,low,0,8,17,12556.46,0.05,0.1,0,1,online,0
CUST01931,Country_J,low,0,25,20,1983.34,0.18,0.07,0,1,branch,0
CUST01932,Country_G,low,0,7,14,16996.79,0.09,0.07,0,1,mobile,0
CUST01933,Country_G,low,0,24,11,9435.44,0.21,0.08,0,1,mobile,0
CUST01934,Country_A,high,0,46,10,3163.39,0.15,0.1,0,1,online,0
CUST01935,Country_F,low,0,12,14,18215.27,0.15,0.32,0,1,branch,0
CUST01936,Country_F,low,0,12,20,2586.09,0.09,0.44,0,1,online,0
CUST01937,Country_D,medium,0,72,11,9070.84,0.14,0.16,0,1,mobile,0
CUST01938,Country_C,high,0,12,15,19716.4,0.34,0.08,0,1,online,1
CUST01939,Country_H,low,0,65,15,2329.38,0.09,0.48,0,1,branch,0
CUST01940,Country_H,low,0,24,16,1419.23,0.22,0.21,0,1,online,0
CUST01941,Country_G,low,0,27,12,3967.96,0.06,0.34,0,1,branch,0
CUST01942,Country_F,low,0,25,17,4565.18,0.11,0.04,0,1,mobile,0
CUST01943,Country_F,low,0,13,15,133.71,0.17,0.06,0,1,online,0
CUST01944,Country_F,low,0,22,15,7149.19,0.1,0.17,0,0,branch,0
CUST01945,Country_G,low,0,26,19,1012.81,0.34,0.18,0,1,online,0
CUST01946,Country_G,low,0,32,23,8789.7,0.07,0.31,0,1,online,0
CUST01947,Country_G,low,1,24,16,6923.99,0.31,0.19,0,1,branch,1
CUST01948,Country_J,low,0,5,14,7381.53,0.2,0.22,0,1,online,0
CUST01949,Country_E,medium,0,16,17,1131.57,0.23,0.21,0,1,branch,0
CUST01950,Country_C,high,0,69,11,50359.93,0.34,0.1,0,1,mobile,0
CUST01951,Country_J,low,0,4,18,1608.72,0.36,0.1,0,1,online,0
CUST01952,Country_I,low,0,14,13,2553.15,0.23,0.35,0,1,mobile,0
CUST01953,Country_I,low,0,4,9,2827.06,0.19,0.19,1,1,branch,0
CUST01954,Country_B,high,0,14,12,3880.18,0.04,0.52,0,0,branch,1
CUST01955,Country_H,low,0,10,15,2155.16,0.05,0.26,0,1,branch,0
CUST01956,Country_F,low,0,2,11,6850.01,0.09,0.29,0,1,branch,0
CUST01957,Country_D,medium,0,29,13,2455.26,0.06,0.45,0,1,mobile,0
CUST01958,Country_G,low,0,40,12,6801.88,0.33,0.49,0,1,mobile,0
CUST01959,Country_H,low,0,30,16,8289.32,0.28,0.18,0,1,branch,0
CUST01960,Country_H,low,0,1,10,1008.5,0.23,0.08,0,0,mobile,0
CUST01961,Country_H,low,1,27,22,1191.83,0.21,0.22,0,1,online,0
CUST01962,Country_G,low,0,84,16,6530.37,0.11,0.38,0,1,online,0
CUST01963,Country_F,low,0,17,11,2383.22,0.18,0.08,0,1,online,0
CUST01964,Country_J,low,0,51,14,3547.27,0.25,0.11,0,1,branch,0
CUST01965,Country_D,medium,0,8,19,21861.76,0.24,0.11,0,1,mobile,0
CUST01966,Country_J,low,0,32,11,11928.07,0.3,0.19,0,1,mobile,0
CUST01967,Country_I,low,0,14,18,3972.99,0.12,0.29,0,1,online,0
CUST01968,Country_H,low,0,17,17,1206.31,0.13,0.16,0,1,branch,0
CUST01969,Country_H,low,0,24,15,1984.43,0.25,0.14,0,1,branch,0
CUST01970,Country_E,medium,0,5,11,1215.88,0.31,0.06,0,1,mobile,0
CUST01971,Country_H,low,0,0,8,7887.87,0.07,0.09,0,1,online,0
CUST01972,Country_D,medium,0,12,17,4524.17,0.1,0.11,0,1,mobile,0
CUST01973,Country_F,low,0,9,13,3150.22,0.12,0.28,0,1,mobile,0
CUST01974,Country_G,low,0,30,18,3364.03,0.06,0.39,0,1,mobile,0
CUST01975,Country_I,low,0,6,14,8628.47,0.3,0.16,0,0,mobile,0
CUST01976,Country_B,high,0,98,13,13383.02,0.21,0.05,0,1,mobile,0
CUST01977,Country_G,low,0,9,11,8016.42,0.1,0.16,0,1,mobile,0
CUST01978,Country_J,low,0,86,17,22253.64,0.08,0.18,0,1,online,0
CUST01979,Country_H,low,0,15,16,3087.62,0.13,0.49,0,1,mobile,0
CUST01980,Country_E,medium,0,26,12,4842.73,0.1,0.13,0,1,branch,0
CUST01981,Country_F,low,1,4,9,7845.44,0.24,0.06,0,1,mobile,0
CUST01982,Country_I,low,0,13,14,6224.65,0.19,0.04,0,1,mobile,0
CUST01983,Country_E,medium,0,7,14,7185.8,0.11,0.06,0,0,online,0
CUST01984,Country_I,low,0,0,17,44175.55,0.35,0.76,0,1,mobile,0
CUST01985,Country_G,low,0,25,14,37209.85,0.15,0.05,0,1,branch,0
CUST01986,Country_H,low,0,13,12,6943.23,0.02,0.04,0,1,branch,0
CUST01987,Country_E,medium,0,42,18,4810.52,0.22,0.15,0,1,mobile,0
CUST01988,Country_F,low,0,77,24,2314.58,0.43,0.16,1,1,mobile,1
CUST01989,Country_D,medium,0,0,19,5502.08,0.2,0.44,0,1,mobile,0
CUST01990,Country_H,low,0,9,15,1521.54,0.21,0.38,0,1,branch,0
CUST01991,Country_E,medium,0,57,13,9058.96,0.5,0.09,0,0,mobile,1
CUST01992,Country_G,low,0,7,20,5542.84,0.32,0.0,0,1,online,0
CUST01993,Country_G,low,0,30,24,6019.59,0.08,0.23,0,1,online,0
CUST01994,Country_F,low,0,15,15,7001.66,0.12,0.08,0,1,branch,0
CUST01995,Country_B,high,0,0,6,282.71,0.25,0.07,0,1,online,0
CUST01996,Country_F,low,0,4,14,23856.25,0.17,0.12,0,1,mobile,0
CUST01997,Country_J,low,0,26,21,25734.26,0.19,0.15,0,1,mobile,0
CUST01998,Country_J,low,0,57,13,16372.53,0.17,0.1,0,1,online,0
CUST01999,Country_I,low,0,25,20,4307.41,0.4,0.24,0,1,online,0
CUST02000,Country_A,high,0,39,11,101638.42,0.17,0.11,0,1,online,1
CUST02001,Country_C,high,0,11,13,3847.19,0.06,0.18,0,1,online,0
CUST02002,Country_H,low,0,23,10,773.68,0.4,0.02,0,1,branch,0
CUST02003,Country_F,low,0,30,11,45134.12,0.17,0.16,0,1,branch,0
CUST02004,Country_G,low,0,46,18,23160.92,0.64,0.22,0,1,branch,0
CUST02005,Country_I,low,0,31,14,2793.18,0.36,0.42,0,1,online,0
CUST02006,Country_F,low,0,7,16,16273.25,0.05,0.09,0,1,branch,0
CUST02007,Country_F,low,0,52,8,13062.78,0.27,0.03,0,1,mobile,0
CUST02008,Country_G,low,0,18,15,2876.56,0.31,0.11,0,1,branch,0
CUST02009,Country_D,medium,1,8,14,3655.18,0.07,0.13,0,1,branch,0
CUST02010,Country_H,low,0,16,15,4272.71,0.44,0.1,0,1,mobile,0
CUST02011,Country_G,low,0,56,16,4008.89,0.04,0.23,0,1,branch,0
CUST02012,Country_I,low,0,16,15,4512.25,0.17,0.16,0,1,online,0
CUST02013,Country_H,low,0,7,16,5821.4,0.11,0.04,0,1,online,0
CUST02014,Country_F,low,0,32,17,5765.39,0.09,0.01,0,1,mobile,0
CUST02015,Country_E,medium,0,27,12,3279.1,0.06,0.11,0,1,branch,0
CUST02016,Country_B,high,0,36,15,4588.44,0.35,0.19,0,1,branch,0
CUST02017,Country_J,low,0,13,16,1807.43,0.42,0.3,0,1,online,0
CUST02018,Country_B,high,0,13,17,1073.72,0.06,0.05,0,1,branch,0
CUST02019,Country_F,low,0,2,14,2840.66,0.28,0.18,0,1,online,0
CUST02020,Country_F,low,1,19,12,1527.58,0.24,0.31,0,1,branch,0
CUST02021,Country_G,low,0,47,9,4906.01,0.33,0.19,0,1,branch,0
CUST02022,Country_J,low,0,25,13,792.32,0.38,0.24,0,1,branch,0
CUST02023,Country_J,low,0,3,14,2062.04,0.11,0.5,0,1,branch,0
CUST02024,Country_I,low,0,134,14,4021.4,0.35,0.16,0,1,mobile,0
CUST02025,Country_J,low,1,0,22,3017.48,0.1,0.38,0,1,branch,0
CUST02026,Country_H,low,0,4,15,5572.69,0.08,0.4,0,1,branch,0
CUST02027,Country_G,low,0,32,19,12468.61,0.33,0.23,0,1,mobile,0
CUST02028,Country_H,low,0,11,19,716.41,0.27,0.27,0,1,online,0
CUST02029,Country_J,low,0,20,13,19078.98,0.22,0.29,0,1,mobile,0
CUST02030,Country_H,low,0,0,16,8060.07,0.21,0.27,0,1,online,0
CUST02031,Country_D,medium,0,15,16,5357.07,0.16,0.01,0,0,online,0
CUST02032,Country_G,low,1,12,18,3104.5,0.23,0.7,0,1,branch,1
CUST02033,Country_H,low,0,59,18,2235.63,0.18,0.15,0,1,mobile,0
CUST02034,Country_H,low,0,21,14,2135.46,0.2,0.5,0,1,online,0
CUST02035,Country_J,low,0,21,16,779.73,0.63,0.15,0,1,branch,0
CUST02036,Country_F,low,0,84,14,21495.45,0.11,0.28,0,0,online,0
CUST02037,Country_J,low,0,168,15,1304.85,0.27,0.18,0,1,online,0
CUST02038,Country_I,low,0,43,14,8114.0,0.11,0.15,0,1,branch,0
CUST02039,Country_D,medium,0,20,18,16802.21,0.09,0.17,0,1,branch,0
CUST02040,Country_J,low,0,8,8,7934.62,0.19,0.06,0,0,online,0
CUST02041,Country_J,low,0,34,18,10981.15,0.09,0.38,0,1,online,0
CUST02042,Country_I,low,0,64,16,4685.84,0.32,0.23,0,1,online,0
CUST02043,Country_G,low,0,18,15,5122.78,0.11,0.11,0,1,online,0
CUST02044,Country_J,low,0,13,13,2208.04,0.35,0.09,0,1,mobile,0
CUST02045,Country_H,low,0,5,12,5869.2,0.04,0.14,0,1,online,0
CUST02046,Country_J,low,0,9,17,5097.9,0.05,0.11,0,1,mobile,0
CUST02047,Country_F,low,0,9,18,1097.08,0.24,0.17,0,1,online,0
CUST02048,Country_C,high,0,5,18,3687.63,0.03,0.08,0,1,branch,0
CUST02049,Country_J,low,0,8,16,25610.34,0.18,0.14,0,1,online,0
CUST02050,Country_F,low,0,18,22,1225.07,0.11,0.72,0,1,mobile,0
CUST02051,Country_E,medium,0,32,14,19724.55,0.24,0.16,0,1,branch,0
CUST02052,Country_D,medium,0,56,14,3729.95,0.28,0.1,0,1,branch,0
CUST02053,Country_G,low,1,27,11,3569.75,0.33,0.45,0,0,mobile,0
CUST02054,Country_G,low,0,9,14,56070.35,0.46,0.17,0,1,mobile,0
CUST02055,Country_C,high,0,37,10,9535.12,0.05,0.03,0,1,online,1
CUST02056,Country_H,low,0,5,20,2088.67,0.13,0.12,0,1,online,0
CUST02057,Country_J,low,0,17,14,2007.62,0.21,0.1,0,1,mobile,0
CUST02058,Country_D,medium,0,31,14,1814.71,0.15,0.33,0,1,mobile,0
CUST02059,Country_D,medium,0,39,13,5611.4,0.19,0.33,0,1,online,0
CUST02060,Country_I,low,0,11,12,983.07,0.15,0.36,0,1,online,0
CUST02061,Country_H,low,0,21,15,2228.45,0.1,0.11,0,1,branch,0
CUST02062,Country_F,low,0,26,9,13700.9,0.04,0.17,0,1,mobile,0
CUST02063,Country_G,low,0,53,13,3265.31,0.13,0.28,0,1,mobile,0
CUST02064,Country_G,low,0,28,15,1313.67,0.05,0.08,0,1,branch,0
CUST02065,Country_C,high,0,23,19,89915.7,0.19,0.1,0,1,branch,0
CUST02066,Country_H,low,0,1,15,8958.68,0.43,0.06,0,1,mobile,0
CUST02067,Country_G,low,0,21,19,6649.28,0.14,0.43,0,1,mobile,0
CUST02068,Country_I,low,0,0,14,70065.51,0.09,0.03,0,1,online,0
CUST02069,Country_G,low,0,26,9,5652.2,0.13,0.06,0,1,mobile,0
CUST02070,Country_G,low,0,2,12,1994.21,0.15,0.07,0,1,mobile,0
CUST02071,Country_E,medium,0,32,17,2963.79,0.31,0.09,0,1,mobile,0
CUST02072,Country_G,low,0,24,14,2524.77,0.17,0.11,0,1,branch,0
CUST02073,Country_H,low,0,1,18,6432.5,0.2,0.26,0,1,mobile,0
CUST02074,Country_D,medium,0,10,15,414.4,0.32,0.16,0,0,branch,0
CUST02075,Country_F,low,0,22,15,2752.19,0.27,0.2,0,1,online,0
CUST02076,Country_I,low,0,4,15,13023.58,0.07,0.1,0,1,branch,0
CUST02077,Country_E,medium,0,3,18,1133.0,0.3,0.09,0,1,online,0
CUST02078,Country_F,low,0,0,13,61504.08,0.16,0.34,0,1,mobile,0
CUST02079,Country_J,low,0,0,16,9481.1,0.16,0.21,0,1,mobile,0
CUST02080,Country_J,low,0,25,19,994.28,0.14,0.28,0,0,online,0
CUST02081,Country_J,low,0,45,19,7309.14,0.42,0.11,0,1,mobile,0
CUST02082,Country_H,low,0,19,17,6569.0,0.19,0.22,0,1,online,0
CUST02083,Country_B,high,0,3,13,6858.1,0.18,0.02,0,1,mobile,0
CUST02084,Country_I,low,0,3,13,244.34,0.17,0.04,0,1,mobile,0
CUST02085,Country_J,low,0,48,13,7308.73,0.06,0.22,0,1,mobile,0
CUST02086,Country_B,high,0,42,18,5332.5,0.06,0.06,1,1,mobile,1
CUST02087,Country_D,medium,0,28,10,11676.41,0.24,0.44,0,1,branch,0
CUST02088,Country_D,medium,0,13,18,2074.76,0.14,0.29,1,1,branch,0
CUST02089,Country_C,high,0,73,17,26032.41,0.08,0.04,0,1,mobile,0
CUST02090,Country_I,low,0,33,16,6641.54,0.17,0.27,0,1,online,0
CUST02091,Country_F,low,0,1,11,5404.13,0.2,0.3,0,1,mobile,0
CUST02092,Country_H,low,0,6,9,1679.56,0.34,0.22,0,1,branch,0
CUST02093,Country_A,high,0,3,11,8360.11,0.19,0.07,0,1,mobile,0
CUST02094,Country_I,low,0,7,17,4871.61,0.14,0.18,0,1,branch,0
CUST02095,Country_H,low,0,5,17,1229.23,0.3,0.05,0,1,branch,0
CUST02096,Country_J,low,0,47,20,3492.16,0.23,0.01,0,1,mobile,0
CUST02097,Country_G,low,0,59,24,33794.59,0.31,0.16,0,1,mobile,0
CUST02098,Country_A,high,0,3,15,1600.34,0.12,0.06,0,1,online,0
CUST02099,Country_H,low,0,17,12,889.14,0.25,0.4,0,1,branch,0
CUST02100,Country_G,low,0,78,14,8218.5,0.02,0.33,0,1,branch,0
CUST02101,Country_F,low,0,30,12,2004.84,0.37,0.45,0,1,mobile,0
CUST02102,Country_H,low,0,6,11,3497.7,0.1,0.03,0,0,mobile,0
CUST02103,Country_J,low,0,8,9,7782.3,0.09,0.2,0,1,mobile,0
CUST02104,Country_C,high,0,29,15,4996.83,0.03,0.11,0,1,mobile,0
CUST02105,Country_J,low,0,10,17,87258.72,0.11,0.28,0,1,mobile,0
CUST02106,Country_D,medium,0,34,21,55697.88,0.09,0.16,0,1,branch,0
CUST02107,Country_E,medium,1,9,18,9783.8,0.18,0.43,0,1,mobile,1
CUST02108,Country_G,low,0,26,21,7561.07,0.06,0.12,0,1,mobile,0
CUST02109,Country_H,low,0,11,15,1968.38,0.1,0.26,1,1,mobile,0
CUST02110,Country_F,low,0,14,14,27941.37,0.09,0.42,0,0,online,0
CUST02111,Country_C,high,0,10,8,5916.27,0.09,0.16,0,1,branch,1
CUST02112,Country_J,low,0,0,21,1906.3,0.19,0.19,0,1,mobile,0
CUST02113,Country_F,low,0,8,13,6262.81,0.07,0.25,0,1,online,0
CUST02114,Country_F,low,0,32,17,270.36,0.14,0.08,0,1,online,0
CUST02115,Country_C,high,0,0,14,1941.85,0.1,0.36,0,1,branch,1
CUST02116,Country_F,low,0,7,15,14277.74,0.15,0.09,0,1,branch,0
CUST02117,Country_G,low,0,13,12,10700.36,0.25,0.4,0,1,mobile,0
CUST02118,Country_G,low,0,1,8,4577.95,0.38,0.08,0,1,branch,0
CUST02119,Country_F,low,1,1,15,25235.22,0.08,0.13,0,1,branch,0
CUST02120,Country_I,low,0,53,13,8963.76,0.3,0.19,0,1,branch,0
CUST02121,Country_H,low,0,53,17,2389.23,0.43,0.09,0,1,branch,0
CUST02122,Country_F,low,0,31,17,34209.15,0.08,0.27,0,1,mobile,0
CUST02123,Country_F,low,0,8,22,5323.82,0.05,0.01,0,1,branch,0
CUST02124,Country_I,low,0,1,17,2988.52,0.16,0.18,0,1,mobile,0
CUST02125,Country_H,low,0,3,15,16522.28,0.39,0.27,0,1,mobile,0
CUST02126,Country_H,low,0,11,11,5080.22,0.31,0.17,0,1,branch,0
CUST02127,Country_G,low,0,55,13,29318.96,0.29,0.27,0,1,branch,0
CUST02128,Country_H,low,0,27,15,6368.37,0.06,0.39,0,1,branch,0
CUST02129,Country_G,low,0,12,19,411.95,0.27,0.22,0,1,mobile,0
CUST02130,Country_J,low,0,0,12,4173.36,0.17,0.05,0,1,mobile,0
CUST02131,Country_J,low,0,1,19,9400.0,0.5,0.11,0,1,branch,0
CUST02132,Country_I,low,0,43,21,1134.09,0.04,0.02,0,1,online,0
CUST02133,Country_D,medium,0,2,19,3438.12,0.14,0.09,0,1,branch,0
CUST02134,Country_E,medium,0,7,13,12096.19,0.26,0.21,0,1,branch,0
CUST02135,Country_G,low,0,9,9,9089.01,0.21,0.26,0,1,online,0
CUST02136,Country_E,medium,0,5,10,1866.91,0.03,0.25,0,1,mobile,0
CUST02137,Country_H,low,0,11,13,568.86,0.4,0.09,0,1,mobile,0
CUST02138,Country_J,low,0,12,16,20156.13,0.04,0.17,0,1,online,0
CUST02139,Country_F,low,0,5,14,7232.41,0.23,0.04,0,1,branch,0
CUST02140,Country_H,low,0,15,15,3950.38,0.14,0.37,0,1,online,0
CUST02141,Country_H,low,0,1,15,3147.61,0.26,0.13,0,0,branch,0
CUST02142,Country_F,low,1,17,15,7937.48,0.03,0.16,0,1,online,0
CUST02143,Country_J,low,0,26,16,11490.34,0.18,0.04,0,1,branch,0
CUST02144,Country_F,low,0,2,17,15896.81,0.19,0.21,0,1,online,0
CUST02145,Country_J,low,0,22,19,44957.07,0.25,0.03,0,1,online,0
CUST02146,Country_I,low,0,27,13,11546.81,0.52,0.32,0,1,branch,0
CUST02147,Country_J,low,0,95,11,1199.18,0.07,0.22,0,1,mobile,0
CUST02148,Country_G,low,0,45,19,1178.61,0.13,0.17,0,1,online,0
CUST02149,Country_E,medium,0,0,14,1497.64,0.06,0.05,0,1,online,0
CUST02150,Country_A,high,0,9,15,40866.66,0.07,0.24,0,1,online,1
CUST02151,Country_I,low,0,36,16,23072.06,0.45,0.27,0,1,online,0
CUST02152,Country_J,low,1,22,7,668.66,0.47,0.05,0,1,mobile,1
CUST02153,Country_I,low,0,8,22,11705.1,0.28,0.6,0,1,branch,0
CUST02154,Country_D,medium,0,28,20,4755.86,0.4,0.15,0,1,online,0
CUST02155,Country_H,low,0,22,18,6179.92,0.16,0.07,0,1,branch,0
CUST02156,Country_F,low,0,9,15,13192.49,0.31,0.06,0,1,mobile,0
CUST02157,Country_G,low,0,18,16,30988.87,0.27,0.06,0,1,branch,0
CUST02158,Country_I,low,0,91,18,16567.96,0.26,0.08,0,1,online,0
CUST02159,Country_H,low,0,11,13,1486.59,0.49,0.32,0,1,mobile,0
CUST02160,Country_G,low,0,72,19,24392.98,0.2,0.15,0,1,online,0
CUST02161,Country_I,low,0,17,14,2712.22,0.21,0.15,0,1,mobile,0
CUST02162,Country_F,low,0,28,13,19654.87,0.39,0.16,0,1,online,0
CUST02163,Country_F,low,0,13,8,7450.67,0.1,0.12,1,1,online,0
CUST02164,Country_I,low,0,26,11,546.74,0.19,0.21,0,1,branch,0
CUST02165,Country_E,medium,0,73,16,1937.84,0.12,0.06,0,1,online,0
CUST02166,Country_F,low,0,22,11,7589.23,0.28,0.24,0,1,branch,0
CUST02167,Country_E,medium,0,44,13,2062.52,0.23,0.35,0,1,mobile,0
CUST02168,Country_G,low,0,64,15,786.85,0.04,0.61,0,1,mobile,0
CUST02169,Country_J,low,0,30,17,7582.2,0.03,0.2,0,1,online,0
CUST02170,Country_H,low,0,80,15,19761.53,0.23,0.06,0,1,branch,0
CUST02171,Country_F,low,0,25,12,1733.4,0.11,0.25,0,1,branch,0
CUST02172,Country_H,low,0,14,19,1575.86,0.11,0.35,0,0,online,0
CUST02173,Country_J,low,0,24,13,3112.73,0.17,0.03,0,1,online,0
CUST02174,Country_J,low,0,6,7,399.23,0.07,0.13,0,1,mobile,0
CUST02175,Country_I,low,0,2,20,3337.07,0.14,0.07,0,1,mobile,0
CUST02176,Country_H,low,0,38,17,21651.89,0.24,0.05,0,1,mobile,0
CUST02177,Country_I,low,0,72,19,2772.48,0.43,0.26,1,1,online,0
CUST02178,Country_F,low,0,69,11,27738.45,0.07,0.08,0,1,online,0
CUST02179,Country_I,low,1,24,15,7715.23,0.41,0.14,0,1,branch,1
CUST02180,Country_J,low,0,18,18,44033.0,0.34,0.16,0,1,branch,0
CUST02181,Country_I,low,0,12,17,4316.2,0.1,0.12,0,1,mobile,0
CUST02182,Country_F,low,0,0,14,5068.75,0.2,0.31,0,1,mobile,0
CUST02183,Country_F,low,0,85,13,1552.32,0.22,0.04,0,1,branch,0
CUST02184,Country_G,low,0,20,15,2046.33,0.19,0.19,0,1,mobile,0
CUST02185,Country_G,low,0,11,14,12886.14,0.02,0.19,0,1,online,0
CUST02186,Country_H,low,0,21,14,68043.13,0.48,0.28,0,1,mobile,0
CUST02187,Country_E,medium,0,60,20,3282.19,0.39,0.21,0,1,online,0
CUST02188,Country_J,low,0,2,16,5284.79,0.24,0.19,0,1,mobile,0
CUST02189,Country_G,low,0,13,19,3003.02,0.11,0.34,0,1,branch,0
CUST02190,Country_J,low,0,5,22,7632.98,0.12,0.19,0,1,mobile,0
CUST02191,Country_E,medium,0,8,14,4339.08,0.24,0.2,0,1,online,0
CUST02192,Country_I,low,1,14,11,5429.44,0.06,0.1,0,1,mobile,0
CUST02193,Country_I,low,0,21,21,2350.7,0.2,0.19,0,1,branch,0
CUST02194,Country_G,low,1,9,12,6764.25,0.33,0.48,0,1,online,0
CUST02195,Country_G,low,0,44,10,687.58,0.24,0.13,0,1,mobile,0
CUST02196,Country_J,low,0,3,11,382.04,0.16,0.14,0,1,mobile,0
CUST02197,Country_I,low,0,5,19,4074.56,0.04,0.44,0,0,mobile,0
CUST02198,Country_J,low,0,32,7,3446.05,0.19,0.15,0,1,mobile,0
CUST02199,Country_J,low,0,29,9,1039.65,0.56,0.15,0,1,mobile,0
CUST02200,Country_I,low,0,6,16,3548.5,0.2,0.13,0,1,mobile,0
CUST02201,Country_H,low,0,16,12,6037.05,0.14,0.1,0,1,online,0
CUST02202,Country_B,high,0,32,12,1039.72,0.06,0.49,0,1,online,0
CUST02203,Country_D,medium,0,25,8,63724.15,0.16,0.07,0,0,branch,0
CUST02204,Country_E,medium,0,64,15,30861.92,0.18,0.16,0,1,online,0
CUST02205,Country_D,medium,0,2,15,14718.24,0.18,0.41,0,1,branch,0
CUST02206,Country_G,low,0,38,11,14450.07,0.19,0.04,0,1,branch,0
CUST02207,Country_H,low,0,37,15,5521.96,0.15,0.5,0,1,mobile,0
CUST02208,Country_H,low,0,43,7,1706.7,0.27,0.28,0,1,branch,0
CUST02209,Country_J,low,0,11,14,1314.67,0.21,0.06,0,1,mobile,0
CUST02210,Country_J,low,0,16,15,60928.55,0.07,0.05,0,1,branch,0
CUST02211,Country_H,low,0,30,19,1222.34,0.07,0.06,0,1,online,0
CUST02212,Country_J,low,0,65,15,5048.21,0.08,0.09,0,1,online,0
CUST02213,Country_C,high,0,23,10,777.76,0.61,0.29,0,1,mobile,1
CUST02214,Country_F,low,0,5,16,3166.14,0.22,0.12,0,0,online,0
CUST02215,Country_G,low,0,13,23,18293.48,0.14,0.0,0,1,online,0
CUST02216,Country_H,low,0,63,13,31587.44,0.09,0.07,0,1,mobile,0
CUST02217,Country_I,low,0,7,20,2021.55,0.12,0.26,0,1,online,0
CUST02218,Country_I,low,0,4,21,313.85,0.34,0.31,0,1,online,0
CUST02219,Country_H,low,0,8,20,174.54,0.06,0.17,1,1,branch,0
CUST02220,Country_G,low,0,7,9,2038.18,0.39,0.47,0,1,online,0
CUST02221,Country_I,low,0,43,15,13665.86,0.46,0.12,0,1,online,0
CUST02222,Country_H,low,0,6,11,16139.35,0.2,0.01,0,1,online,0
CUST02223,Country_I,low,0,14,14,4931.72,0.08,0.44,0,1,branch,0
CUST02224,Country_E,medium,0,35,14,3617.34,0.16,0.09,0,1,branch,0
CUST02225,Country_D,medium,0,10,22,3403.08,0.22,0.2,0,1,online,0
CUST02226,Country_G,low,0,11,13,1667.64,0.02,0.13,0,1,branch,0
CUST02227,Country_I,low,0,13,17,10958.66,0.14,0.24,0,1,online,0
CUST02228,Country_I,low,0,10,17,14269.13,0.13,0.12,0,1,online,0
CUST02229,Country_G,low,0,7,15,4043.25,0.07,0.34,0,1,online,0
CUST02230,Country_I,low,0,48,15,2936.0,0.16,0.2,0,1,mobile,0
CUST02231,Country_C,high,0,58,19,13154.13,0.18,0.1,0,1,mobile,0
CUST02232,Country_H,low,0,38,17,23657.45,0.25,0.11,0,1,online,0
CUST02233,Country_I,low,0,0,26,17555.78,0.19,0.21,0,1,online,0
CUST02234,Country_D,medium,0,3,16,8997.94,0.17,0.34,0,1,online,0
CUST02235,Country_H,low,0,35,15,7748.77,0.24,0.1,0,1,online,0
CUST02236,Country_H,low,0,18,7,2287.88,0.27,0.03,0,1,online,0
CUST02237,Country_F,low,0,56,17,330.74,0.14,0.07,0,1,online,0
CUST02238,Country_J,low,0,15,19,7325.11,0.28,0.15,0,1,branch,0
CUST02239,Country_H,low,0,13,15,4016.26,0.25,0.06,0,1,mobile,0
CUST02240,Country_G,low,0,5,25,6404.54,0.15,0.0,0,1,mobile,0
CUST02241,Country_I,low,0,4,19,16266.59,0.16,0.6,0,1,online,0
CUST02242,Country_J,low,0,29,20,2018.52,0.12,0.24,0,0,mobile,0
CUST02243,Country_E,medium,0,3,15,23066.42,0.4,0.13,0,1,online,0
CUST02244,Country_F,low,1,11,12,4186.87,0.07,0.31,0,1,online,0
CUST02245,Country_G,low,0,43,25,944.0,0.28,0.02,0,1,online,0
CUST02246,Country_F,low,0,59,14,6189.45,0.17,0.39,0,0,branch,0
CUST02247,Country_H,low,0,19,13,8263.99,0.22,0.23,0,1,branch,0
CUST02248,Country_D,medium,0,33,16,1530.79,0.32,0.11,0,1,branch,0
CUST02249,Country_G,low,0,20,14,667.39,0.31,0.24,0,1,online,0
CUST02250,Country_J,low,0,48,19,4880.58,0.23,0.34,0,1,online,0
CUST02251,Country_D,medium,0,70,15,2703.16,0.17,0.37,0,1,mobile,0
CUST02252,Country_I,low,0,4,18,554.58,0.49,0.06,0,1,online,0
CUST02253,Country_F,low,0,0,12,3174.75,0.16,0.42,0,1,online,0
CUST02254,Country_G,low,0,39,18,13746.31,0.21,0.23,0,1,branch,0
CUST02255,Country_J,low,0,4,15,2114.61,0.02,0.66,0,1,mobile,0
CUST02256,Country_H,low,0,42,7,2605.51,0.03,0.23,0,1,mobile,0
CUST02257,Country_F,low,0,0,17,45052.54,0.12,0.17,0,1,branch,0
CUST02258,Country_D,medium,0,22,17,5312.35,0.21,0.23,0,1,branch,0
CUST02259,Country_H,low,0,44,10,6586.84,0.24,0.19,1,1,mobile,0
CUST02260,Country_F,low,0,13,14,5915.83,0.08,0.33,0,1,branch,0
CUST02261,Country_F,low,0,7,11,7268.37,0.03,0.15,0,1,mobile,0
CUST02262,Country_I,low,0,10,20,9768.16,0.2,0.2,0,1,mobile,0
CUST02263,Country_G,low,0,2,12,26641.18,0.16,0.43,0,1,branch,0
CUST02264,Country_G,low,0,31,12,77150.23,0.16,0.09,0,1,mobile,0
CUST02265,Country_F,low,0,24,18,6654.08,0.23,0.28,0,1,mobile,0
CUST02266,Country_J,low,0,44,14,3492.22,0.05,0.24,0,0,online,0
CUST02267,Country_J,low,0,6,9,11021.21,0.05,0.15,0,1,online,0
CUST02268,Country_C,high,0,5,10,19952.61,0.09,0.11,0,1,online,0
CUST02269,Country_C,high,0,16,12,4014.13,0.21,0.13,0,1,online,0
CUST02270,Country_I,low,0,27,14,1684.07,0.09,0.21,0,1,mobile,0
CUST02271,Country_J,low,0,38,14,5144.77,0.26,0.33,0,1,online,0
CUST02272,Country_G,low,0,34,19,5221.07,0.06,0.5,0,1,branch,0
CUST02273,Country_G,low,0,49,20,179099.44,0.27,0.06,0,1,branch,0
CUST02274,Country_H,low,0,7,14,440.74,0.18,0.08,0,1,mobile,0
CUST02275,Country_J,low,0,2,11,32499.28,0.19,0.59,0,1,branch,0
CUST02276,Country_J,low,0,20,13,16605.37,0.13,0.06,0,1,mobile,0
CUST02277,Country_E,medium,0,11,20,6967.24,0.22,0.16,0,1,mobile,0
CUST02278,Country_B,high,0,28,12,864.37,0.21,0.48,0,1,branch,1
CUST02279,Country_G,low,0,34,18,4202.6,0.08,0.42,0,0,mobile,0
CUST02280,Country_F,low,0,13,16,1398.14,0.18,0.38,0,1,mobile,0
CUST02281,Country_G,low,0,2,18,1150.67,0.44,0.34,0,1,mobile,1
CUST02282,Country_F,low,0,68,11,59245.01,0.16,0.02,0,0,branch,0
CUST02283,Country_J,low,1,12,20,2399.5,0.29,0.09,0,1,branch,0
CUST02284,Country_I,low,0,22,15,4834.28,0.09,0.23,0,1,mobile,0
CUST02285,Country_I,low,0,25,18,25562.48,0.22,0.05,0,1,branch,0
CUST02286,Country_I,low,0,3,13,6106.64,0.15,0.18,0,1,online,0
CUST02287,Country_I,low,0,12,22,5700.84,0.29,0.16,0,1,mobile,0
CUST02288,Country_C,high,0,5,18,1244.13,0.03,0.31,0,1,mobile,0
CUST02289,Country_D,medium,0,14,21,7459.42,0.4,0.32,0,1,mobile,0
CUST02290,Country_G,low,0,2,14,7259.83,0.1,0.17,1,1,mobile,0
CUST02291,Country_F,low,0,43,12,8736.13,0.25,0.09,0,1,online,0
CUST02292,Country_E,medium,0,2,10,2834.57,0.38,0.31,0,1,mobile,0
CUST02293,Country_B,high,0,65,18,2117.41,0.32,0.36,0,0,branch,1
CUST02294,Country_E,medium,0,32,15,47127.87,0.1,0.36,0,1,mobile,0
CUST02295,Country_D,medium,0,8,13,32846.57,0.31,0.23,0,0,online,0
CUST02296,Country_J,low,0,7,20,22208.21,0.06,0.23,0,1,mobile,0
CUST02297,Country_I,low,0,17,12,568.22,0.23,0.18,0,1,online,0
CUST02298,Country_F,low,0,82,10,3750.03,0.11,0.43,0,0,online,0
CUST02299,Country_J,low,0,1,19,48564.03,0.24,0.01,0,1,branch,0
CUST02300,Country_F,low,0,8,18,1459.41,0.34,0.06,0,1,online,0
CUST02301,Country_C,high,1,13,20,15045.83,0.22,0.29,0,1,branch,1
CUST02302,Country_F,low,0,11,4,31131.35,0.08,0.27,0,1,online,0
CUST02303,Country_E,medium,0,11,21,415.93,0.17,0.1,0,1,branch,0
CUST02304,Country_J,low,0,57,19,5907.37,0.35,0.33,0,1,mobile,0
CUST02305,Country_J,low,0,6,12,3738.27,0.2,0.09,0,1,mobile,0
CUST02306,Country_E,medium,1,11,17,3688.53,0.11,0.51,0,1,mobile,1
CUST02307,Country_A,high,0,11,15,5110.25,0.16,0.04,0,1,mobile,0
CUST02308,Country_G,low,0,9,19,6599.6,0.18,0.15,0,1,online,0
CUST02309,Country_G,low,0,39,20,25370.47,0.22,0.06,0,1,online,0
CUST02310,Country_F,low,0,8,19,54683.4,0.13,0.39,0,1,branch,0
CUST02311,Country_F,low,0,11,12,1312.78,0.15,0.32,0,1,mobile,0
CUST02312,Country_H,low,0,8,22,3077.83,0.11,0.35,0,1,branch,0
CUST02313,Country_F,low,0,91,6,8697.18,0.43,0.04,0,1,online,0
CUST02314,Country_I,low,0,18,14,5200.61,0.23,0.26,0,1,online,0
CUST02315,Country_I,low,0,51,11,2107.01,0.21,0.57,0,0,online,0
CUST02316,Country_H,low,0,32,24,2296.67,0.16,0.1,0,1,mobile,0
CUST02317,Country_I,low,0,7,20,20825.43,0.33,0.17,1,1,branch,0
CUST02318,Country_G,low,0,55,10,3693.11,0.04,0.04,0,1,online,0
CUST02319,Country_J,low,0,4,15,17010.96,0.27,0.08,0,0,branch,0
CUST02320,Country_J,low,0,11,13,6985.65,0.48,0.62,0,1,branch,0
CUST02321,Country_I,low,0,1,11,10524.79,0.22,0.14,0,1,mobile,0
CUST02322,Country_J,low,0,3,17,16616.77,0.16,0.05,0,1,online,0
CUST02323,Country_I,low,0,28,16,4068.78,0.12,0.39,0,1,branch,0
CUST02324,Country_A,high,0,43,13,2733.35,0.28,0.16,0,1,mobile,0
CUST02325,Country_G,low,0,4,16,19660.82,0.16,0.09,0,1,online,0
CUST02326,Country_G,low,0,1,20,6380.02,0.14,0.12,0,1,branch,0
CUST02327,Country_I,low,0,16,16,7370.4,0.07,0.38,0,1,branch,0
CUST02328,Country_F,low,0,1,17,314.7,0.17,0.21,0,1,online,0
CUST02329,Country_I,low,0,30,15,3741.2,0.22,0.27,0,1,mobile,0
CUST02330,Country_G,low,0,27,16,2581.99,0.24,0.47,0,1,branch,0
CUST02331,Country_G,low,1,4,17,2759.6,0.04,0.06,0,1,branch,0
CUST02332,Country_H,low,0,1,19,2985.42,0.14,0.05,0,1,branch,0
CUST02333,Country_I,low,0,28,20,6643.28,0.04,0.18,0,1,branch,0
CUST02334,Country_B,high,0,70,14,2206.33,0.2,0.13,0,1,mobile,0
CUST02335,Country_F,low,0,15,17,6953.03,0.44,0.34,0,1,branch,0
CUST02336,Country_I,low,0,25,19,3903.45,0.03,0.22,0,1,mobile,0
CUST02337,Country_F,low,0,17,16,6834.48,0.09,0.15,0,1,mobile,0
CUST02338,Country_I,low,0,16,16,3364.6,0.29,0.23,0,1,online,0
CUST02339,Country_D,medium,0,41,15,1707.58,0.06,0.01,0,1,mobile,0
CUST02340,Country_G,low,0,22,14,1020.41,0.02,0.17,0,1,online,0
CUST02341,Country_I,low,0,13,12,9676.05,0.28,0.21,0,1,mobile,0
CUST02342,Country_J,low,0,10,15,1206.22,0.22,0.13,0,1,branch,0
CUST02343,Country_J,low,0,23,18,5256.67,0.13,0.17,0,0,mobile,0
CUST02344,Country_J,low,0,6,18,1796.01,0.04,0.11,0,1,mobile,0
CUST02345,Country_J,low,0,9,14,10449.52,0.36,0.4,0,1,online,0
CUST02346,Country_G,low,0,8,13,28678.39,0.14,0.08,0,1,online,0
CUST02347,Country_E,medium,0,14,19,15741.51,0.14,0.28,0,1,branch,0
CUST02348,Country_I,low,0,32,12,68996.6,0.39,0.17,0,1,mobile,0
CUST02349,Country_I,low,0,16,15,2153.59,0.13,0.01,0,1,mobile,0
CUST02350,Country_F,low,0,57,14,5632.47,0.02,0.13,0,1,mobile,0
CUST02351,Country_I,low,0,37,15,2213.02,0.11,0.21,0,1,branch,0
CUST02352,Country_I,low,1,36,15,3863.34,0.02,0.14,0,1,mobile,0
CUST02353,Country_J,low,0,4,17,3566.47,0.19,0.25,0,1,branch,0
CUST02354,Country_F,low,0,41,10,8161.68,0.16,0.47,0,1,branch,0
CUST02355,Country_I,low,0,20,17,843.35,0.21,0.11,0,1,mobile,0
CUST02356,Country_H,low,0,6,13,5107.52,0.17,0.06,0,1,online,0
CUST02357,Country_H,low,0,7,16,30158.55,0.09,0.19,0,0,mobile,0
CUST02358,Country_I,low,0,1,14,13624.46,0.24,0.43,0,1,mobile,0
CUST02359,Country_H,low,1,13,12,1551.95,0.39,0.25,0,1,branch,0
CUST02360,Country_J,low,0,1,18,8443.74,0.11,0.05,0,1,branch,0
CUST02361,Country_D,medium,0,3,15,5150.23,0.24,0.14,0,1,mobile,0
CUST02362,Country_I,low,0,3,22,3293.98,0.23,0.26,0,1,mobile,0
CUST02363,Country_F,low,0,24,17,100.57,0.25,0.44,0,1,mobile,0
CUST02364,Country_G,low,0,83,15,1643.18,0.54,0.65,0,1,online,1
CUST02365,Country_G,low,0,18,12,8267.62,0.14,0.36,0,1,branch,0
CUST02366,Country_H,low,0,14,11,4441.27,0.2,0.06,0,1,branch,0
CUST02367,Country_G,low,0,15,11,1915.46,0.32,0.21,0,1,mobile,0
CUST02368,Country_J,low,1,18,16,6306.37,0.05,0.14,0,1,mobile,0
CUST02369,Country_F,low,0,59,10,8768.83,0.16,0.25,0,1,online,0
CUST02370,Country_G,low,0,14,14,2839.72,0.19,0.1,0,1,online,0
CUST02371,Country_J,low,0,2,19,18208.09,0.28,0.36,0,1,online,0
CUST02372,Country_F,low,0,21,15,12532.47,0.34,0.12,0,1,online,0
CUST02373,Country_G,low,0,1,14,1452.49,0.31,0.24,0,1,branch,0
CUST02374,Country_I,low,0,10,7,4673.35,0.11,0.32,0,1,mobile,0
CUST02375,Country_D,medium,0,31,18,13365.53,0.04,0.25,1,1,mobile,0
CUST02376,Country_G,low,0,10,9,11225.96,0.46,0.04,0,1,online,0
CUST02377,Country_H,low,0,2,15,4111.05,0.39,0.07,0,1,branch,0
CUST02378,Country_I,low,0,16,14,4807.64,0.02,0.16,0,1,mobile,0
CUST02379,Country_I,low,0,9,11,1979.91,0.24,0.22,0,1,online,0
CUST02380,Country_H,low,0,17,12,6961.15,0.33,0.16,0,1,branch,0
CUST02381,Country_D,medium,0,39,16,23680.39,0.19,0.42,0,1,branch,0
CUST02382,Country_F,low,0,16,10,13919.92,0.27,0.39,0,1,branch,0
CUST02383,Country_H,low,0,26,11,1176.19,0.12,0.17,0,1,mobile,0
CUST02384,Country_H,low,0,4,21,3530.6,0.14,0.09,0,1,mobile,0
CUST02385,Country_B,high,1,3,16,9448.55,0.06,0.45,1,1,mobile,1
CUST02386,Country_F,low,0,2,9,8118.7,0.31,0.49,0,1,online,0
CUST02387,Country_I,low,0,41,15,5485.19,0.11,0.25,0,1,online,0
CUST02388,Country_F,low,0,35,18,1372.13,0.32,0.25,0,1,online,0
CUST02389,Country_F,low,0,67,9,10000.87,0.09,0.18,0,0,branch,0
CUST02390,Country_J,low,0,26,10,5764.82,0.04,0.14,0,1,online,0
CUST02391,Country_G,low,0,11,12,821.51,0.17,0.59,0,1,branch,0
CUST02392,Country_G,low,1,106,17,2952.87,0.02,0.05,0,1,online,0
CUST02393,Country_H,low,0,28,10,6923.23,0.48,0.1,0,1,online,0
CUST02394,Country_C,high,0,1,14,5353.21,0.28,0.34,0,1,mobile,1
CUST02395,Country_G,low,0,16,13,1503.94,0.19,0.19,0,1,mobile,0
CUST02396,Country_G,low,0,42,19,5439.25,0.13,0.22,0,1,online,0
CUST02397,Country_I,low,0,20,12,2619.82,0.29,0.14,0,1,mobile,0
CUST02398,Country_J,low,0,3,16,335.77,0.05,0.3,0,1,mobile,0
CUST02399,Country_H,low,0,11,14,4852.17,0.18,0.14,0,1,branch,0
CUST02400,Country_C,high,0,8,17,2778.83,0.17,0.28,0,1,branch,0
CUST02401,Country_I,low,0,5,15,4571.5,0.51,0.03,0,0,mobile,0
CUST02402,Country_J,low,0,35,13,8243.72,0.17,0.04,0,1,online,0
CUST02403,Country_J,low,0,1,18,1859.27,0.05,0.22,0,1,online,0
CUST02404,Country_G,low,0,25,10,846.92,0.14,0.12,0,0,branch,0
CUST02405,Country_H,low,0,24,15,4802.15,0.17,0.4,0,1,mobile,0
CUST02406,Country_E,medium,1,8,15,1970.44,0.15,0.36,0,1,online,1
CUST02407,Country_G,low,0,5,19,24558.51,0.16,0.16,0,0,mobile,0
CUST02408,Country_J,low,0,64,15,630.49,0.31,0.19,0,1,online,0
CUST02409,Country_D,medium,0,7,18,4304.88,0.21,0.23,0,1,branch,0
CUST02410,Country_I,low,0,5,16,10249.79,0.08,0.24,1,1,mobile,0
CUST02411,Country_H,low,0,2,13,17599.62,0.38,0.07,0,1,branch,0
CUST02412,Country_B,high,0,19,19,8215.46,0.12,0.38,0,1,online,0
CUST02413,Country_G,low,0,44,15,11269.03,0.18,0.16,0,1,branch,0
CUST02414,Country_G,low,0,2,13,2589.13,0.17,0.26,0,1,mobile,0
CUST02415,Country_I,low,0,48,10,5153.78,0.66,0.13,0,1,branch,0
CUST02416,Country_I,low,0,2,8,2687.03,0.45,0.3,0,1,online,0
CUST02417,Country_G,low,0,38,16,10399.74,0.2,0.08,0,1,online,0
CUST02418,Country_D,medium,0,25,18,5212.01,0.02,0.01,0,1,online,0
CUST02419,Country_H,low,0,13,15,18641.64,0.43,0.15,0,1,online,0
CUST02420,Country_B,high,0,2,15,6673.8,0.15,0.43,0,1,branch,1
CUST02421,Country_E,medium,0,52,20,843.77,0.06,0.23,0,1,mobile,0
CUST02422,Country_B,high,0,50,17,2303.98,0.23,0.05,0,1,branch,1
CUST02423,Country_C,high,0,27,17,1458.87,0.17,0.5,0,1,branch,1
CUST02424,Country_H,low,0,0,21,38439.04,0.09,0.21,0,1,branch,0
CUST02425,Country_F,low,0,19,18,4994.41,0.05,0.01,0,1,online,0
CUST02426,Country_B,high,1,27,8,4166.47,0.45,0.02,0,1,online,1
CUST02427,Country_C,high,0,42,14,4919.38,0.3,0.04,0,1,online,0
CUST02428,Country_H,low,0,6,10,80705.13,0.22,0.32,0,1,online,0
CUST02429,Country_D,medium,0,29,11,1031.98,0.42,0.05,0,1,online,0
CUST02430,Country_H,low,0,90,21,4417.76,0.05,0.35,0,1,online,0
CUST02431,Country_D,medium,1,29,22,2575.78,0.27,0.22,0,1,branch,1
CUST02432,Country_J,low,0,7,12,9405.59,0.19,0.07,0,1,online,0
CUST02433,Country_J,low,0,3,9,19521.4,0.33,0.24,0,1,mobile,0
CUST02434,Country_G,low,0,16,21,13132.92,0.21,0.01,0,1,online,0
CUST02435,Country_D,medium,0,45,15,10492.74,0.18,0.16,0,1,mobile,0
CUST02436,Country_F,low,1,18,19,2735.73,0.51,0.24,0,1,mobile,1
CUST02437,Country_J,low,0,10,20,14325.95,0.47,0.26,0,1,branch,0
CUST02438,Country_H,low,0,24,15,14459.98,0.24,0.19,0,0,online,0
CUST02439,Country_C,high,0,10,15,4674.85,0.36,0.11,0,1,mobile,0
CUST02440,Country_I,low,0,3,12,2905.79,0.17,0.49,0,1,branch,0
CUST02441,Country_J,low,0,7,12,2564.4,0.11,0.03,0,1,mobile,0
CUST02442,Country_E,medium,0,4,10,3392.51,0.17,0.06,1,1,branch,0
CUST02443,Country_G,low,0,90,16,3989.91,0.12,0.14,0,1,branch,0
CUST02444,Country_G,low,0,55,13,4189.03,0.17,0.19,0,1,mobile,0
CUST02445,Country_E,medium,0,35,13,20176.13,0.35,0.33,0,1,online,0
CUST02446,Country_G,low,0,50,13,4831.16,0.19,0.36,0,1,branch,0
CUST02447,Country_D,medium,1,29,14,1798.43,0.16,0.16,0,1,branch,0
CUST02448,Country_C,high,0,19,25,17162.31,0.24,0.04,0,1,branch,0
CUST02449,Country_E,medium,0,11,12,6643.66,0.14,0.16,0,1,mobile,0
CUST02450,Country_J,low,0,34,11,3669.04,0.21,0.05,0,1,online,0
CUST02451,Country_E,medium,0,59,11,5338.92,0.1,0.03,0,0,mobile,0
CUST02452,Country_G,low,0,16,20,10818.16,0.02,0.55,0,1,online,0
CUST02453,Country_A,high,0,8,15,18164.08,0.31,0.09,0,1,branch,0
CUST02454,Country_C,high,0,15,17,16378.5,0.19,0.03,0,1,online,0
CUST02455,Country_G,low,0,7,6,1932.81,0.22,0.11,0,0,online,0
CUST02456,Country_J,low,0,18,18,4039.0,0.29,0.36,0,1,mobile,0
CUST02457,Country_H,low,0,1,12,3681.49,0.19,0.11,0,1,online,0
CUST02458,Country_H,low,0,3,16,4768.51,0.17,0.17,0,1,branch,0
CUST02459,Country_D,medium,0,58,10,16378.19,0.7,0.21,0,1,branch,0
CUST02460,Country_H,low,0,4,13,6895.37,0.1,0.35,0,1,online,0
CUST02461,Country_F,low,0,8,15,1160.61,0.05,0.36,0,1,branch,0
CUST02462,Country_H,low,1,18,8,3588.86,0.1,0.14,0,1,mobile,0
CUST02463,Country_J,low,0,43,14,4201.18,0.23,0.22,0,1,mobile,0
CUST02464,Country_J,low,0,17,13,3004.4,0.11,0.15,0,1,mobile,0
CUST02465,Country_H,low,0,75,19,775.9,0.39,0.26,0,1,branch,0
CUST02466,Country_I,low,1,14,12,12575.38,0.06,0.22,0,1,online,0
CUST02467,Country_E,medium,0,41,9,2512.69,0.09,0.29,0,1,online,0
CUST02468,Country_G,low,0,34,15,1901.81,0.13,0.56,0,1,online,0
CUST02469,Country_F,low,0,51,14,972.49,0.42,0.14,0,1,branch,0
CUST02470,Country_I,low,0,4,14,5112.9,0.17,0.15,0,1,branch,0
CUST02471,Country_D,medium,0,24,22,17001.21,0.27,0.1,0,0,online,0
CUST02472,Country_F,low,0,9,14,7521.01,0.4,0.21,0,1,online,0
CUST02473,Country_H,low,0,47,24,7284.38,0.19,0.04,0,0,branch,0
CUST02474,Country_G,low,0,10,7,4196.75,0.11,0.1,0,1,online,0
CUST02475,Country_H,low,0,55,12,18883.27,0.04,0.51,0,1,branch,0
CUST02476,Country_J,low,0,32,17,4004.14,0.17,0.55,0,1,branch,0
CUST02477,Country_G,low,0,3,13,19402.77,0.25,0.16,0,1,online,0
CUST02478,Country_E,medium,0,99,10,4349.95,0.23,0.27,0,1,branch,0
CUST02479,Country_F,low,0,44,15,707.12,0.22,0.0,0,1,branch,0
CUST02480,Country_F,low,0,0,16,21323.36,0.15,0.04,0,1,mobile,0
CUST02481,Country_H,low,1,13,14,20933.54,0.05,0.28,0,0,branch,0
CUST02482,Country_G,low,0,34,9,4536.9,0.15,0.17,0,1,mobile,0
CUST02483,Country_F,low,0,1,19,5536.66,0.23,0.03,0,1,online,0
CUST02484,Country_I,low,0,16,20,9547.79,0.07,0.12,0,1,branch,0
CUST02485,Country_F,low,0,20,13,932.77,0.67,0.07,0,1,mobile,0
CUST02486,Country_F,low,0,20,18,4352.29,0.05,0.21,0,1,branch,0
CUST02487,Country_J,low,0,7,19,29844.5,0.13,0.32,0,1,branch,0
CUST02488,Country_D,medium,0,44,13,290.39,0.1,0.07,0,1,online,0
CUST02489,Country_J,low,0,12,17,1216.35,0.48,0.2,0,1,branch,0
CUST02490,Country_J,low,0,35,18,11270.85,0.26,0.06,0,1,branch,0
CUST02491,Country_E,medium,0,12,10,4810.79,0.15,0.41,0,1,online,0
CUST02492,Country_F,low,0,28,19,9057.01,0.19,0.17,0,1,online,0
CUST02493,Country_J,low,0,29,16,4022.26,0.21,0.06,0,1,branch,0
CUST02494,Country_H,low,0,3,14,3850.38,0.01,0.17,0,1,mobile,0
CUST02495,Country_D,medium,0,51,17,18829.02,0.09,0.33,0,1,mobile,0
CUST02496,Country_G,low,0,2,18,5396.37,0.36,0.07,0,1,online,0
CUST02497,Country_J,low,0,10,13,6884.31,0.15,0.42,0,0,online,0
CUST02498,Country_B,high,0,22,13,3372.51,0.34,0.29,0,1,mobile,0
CUST02499,Country_H,low,0,21,16,6622.09,0.13,0.07,0,0,branch,0
CUST02500,Country_G,low,0,13,13,2310.58,0.28,0.16,0,1,mobile,0
CUST02501,Country_G,low,0,13,13,917.82,0.17,0.23,0,1,online,0
CUST02502,Country_J,low,0,18,9,35809.47,0.19,0.04,0,1,mobile,0
CUST02503,Country_E,medium,0,11,18,4910.04,0.41,0.01,0,1,mobile,0
CUST02504,Country_D,medium,0,9,15,18309.85,0.08,0.32,0,1,online,0
CUST02505,Country_F,low,0,15,12,25745.88,0.16,0.61,0,1,branch,0
CUST02506,Country_G,low,0,15,18,3996.14,0.22,0.25,0,1,mobile,0
CUST02507,Country_J,low,0,8,13,4432.63,0.18,0.09,0,1,online,0
CUST02508,Country_G,low,0,8,9,8505.46,0.04,0.02,0,1,branch,0
CUST02509,Country_E,medium,0,19,14,5732.16,0.2,0.08,0,1,branch,0
CUST02510,Country_H,low,0,7,15,3561.07,0.03,0.33,0,1,branch,0
CUST02511,Country_J,low,0,30,20,14220.36,0.13,0.21,1,1,branch,0
CUST02512,Country_I,low,0,16,16,8074.19,0.47,0.08,0,1,online,0
CUST02513,Country_F,low,0,34,7,3209.4,0.45,0.37,0,1,mobile,0
CUST02514,Country_J,low,0,29,14,5516.71,0.21,0.27,0,1,branch,0
CUST02515,Country_H,low,0,11,14,4020.28,0.51,0.27,0,1,online,0
CUST02516,Country_I,low,0,50,15,13791.76,0.1,0.44,0,1,mobile,0
CUST02517,Country_G,low,0,4,15,3095.22,0.32,0.36,0,1,online,0
CUST02518,Country_I,low,0,21,11,1134.62,0.25,0.01,0,1,branch,0
CUST02519,Country_H,low,0,3,7,16981.58,0.21,0.31,0,1,online,0
CUST02520,Country_F,low,0,14,22,6809.31,0.09,0.33,0,1,mobile,0
CUST02521,Country_F,low,0,1,22,5598.07,0.33,0.13,0,1,mobile,0
CUST02522,Country_H,low,0,38,17,596.67,0.25,0.26,0,1,mobile,0
CUST02523,Country_G,low,0,3,26,11650.55,0.36,0.21,0,1,branch,0
CUST02524,Country_I,low,0,13,14,12529.77,0.23,0.2,0,1,branch,0
CUST02525,Country_G,low,0,0,12,1518.0,0.23,0.29,0,1,mobile,0
CUST02526,Country_I,low,0,21,13,5139.47,0.41,0.25,0,1,online,0
CUST02527,Country_I,low,0,20,9,803.2,0.05,0.11,0,1,mobile,0
CUST02528,Country_J,low,0,41,18,814.33,0.16,0.11,0,1,branch,0
CUST02529,Country_C,high,0,15,12,9799.64,0.13,0.18,0,1,branch,0
CUST02530,Country_J,low,0,59,15,9936.77,0.14,0.19,0,1,online,0
CUST02531,Country_H,low,0,73,15,1162.12,0.16,0.08,0,1,mobile,0
CUST02532,Country_E,medium,0,20,17,7757.14,0.39,0.28,0,1,mobile,0
CUST02533,Country_I,low,0,7,10,40068.84,0.26,0.1,0,1,branch,0
CUST02534,Country_I,low,0,23,14,4744.08,0.21,0.34,0,0,mobile,0
CUST02535,Country_F,low,0,89,15,1211.38,0.13,0.47,0,1,mobile,0
CUST02536,Country_G,low,0,20,19,1145.4,0.05,0.18,0,1,mobile,0
CUST02537,Country_G,low,0,72,14,5206.16,0.34,0.82,0,1,online,0
CUST02538,Country_G,low,0,5,20,352102.08,0.06,0.05,0,1,online,0
CUST02539,Country_F,low,0,31,18,4308.87,0.24,0.11,0,1,mobile,0
CUST02540,Country_F,low,0,28,15,2741.64,0.06,0.0,0,1,mobile,0
CUST02541,Country_D,medium,0,1,12,4619.75,0.21,0.22,0,1,online,0
CUST02542,Country_J,low,0,49,19,41670.11,0.02,0.12,0,1,branch,0
CUST02543,Country_H,low,0,27,14,3881.71,0.14,0.05,0,1,branch,0
CUST02544,Country_E,medium,0,20,7,1151.72,0.19,0.09,0,1,mobile,0
CUST02545,Country_G,low,0,30,16,3274.48,0.2,0.19,0,1,mobile,0
CUST02546,Country_C,high,0,19,20,6437.93,0.12,0.18,0,1,branch,0
CUST02547,Country_J,low,0,9,15,3233.37,0.18,0.25,0,0,branch,0
CUST02548,Country_J,low,0,38,13,9835.14,0.04,0.06,0,1,branch,0
CUST02549,Country_I,low,0,16,16,20695.22,0.03,0.08,0,1,mobile,0
CUST02550,Country_J,low,0,14,16,7845.2,0.12,0.05,0,1,online,0
CUST02551,Country_I,low,0,89,12,1708.16,0.08,0.35,0,1,online,0
CUST02552,Country_I,low,0,8,13,6164.28,0.36,0.28,0,1,branch,0
CUST02553,Country_G,low,0,25,12,1760.47,0.04,0.14,0,1,branch,0
CUST02554,Country_J,low,0,3,12,7958.18,0.15,0.26,0,1,online,0
CUST02555,Country_H,low,0,51,15,4862.73,0.25,0.17,0,1,online,0
CUST02556,Country_H,low,0,17,15,1526.51,0.25,0.07,0,1,online,0
CUST02557,Country_H,low,0,21,13,5442.05,0.33,0.18,0,1,mobile,0
CUST02558,Country_I,low,0,11,12,1268.06,0.18,0.11,0,1,online,0
CUST02559,Country_J,low,0,1,17,17241.34,0.3,0.08,0,1,mobile,0
CUST02560,Country_F,low,0,38,14,11523.97,0.24,0.01,1,1,online,0
CUST02561,Country_H,low,0,32,14,36481.44,0.08,0.37,0,1,online,0
CUST02562,Country_J,low,0,44,9,10926.55,0.12,0.06,0,1,branch,0
CUST02563,Country_F,low,0,25,16,6145.51,0.38,0.07,0,1,mobile,0
CUST02564,Country_D,medium,0,6,19,11308.03,0.25,0.12,0,1,mobile,0
CUST02565,Country_A,high,0,35,15,6029.49,0.14,0.04,0,1,branch,0
CUST02566,Country_I,low,0,44,11,336.21,0.23,0.32,0,1,online,0
CUST02567,Country_F,low,0,9,15,10674.04,0.34,0.19,0,1,mobile,0
CUST02568,Country_H,low,0,31,8,13342.84,0.11,0.09,1,1,branch,0
CUST02569,Country_H,low,0,60,15,4016.97,0.61,0.01,0,1,online,0
CUST02570,Country_F,low,0,0,20,971.05,0.06,0.08,0,1,online,0
CUST02571,Country_J,low,0,14,20,4580.3,0.23,0.24,0,1,branch,0
CUST02572,Country_G,low,0,9,12,49541.75,0.12,0.16,0,1,online,0
CUST02573,Country_C,high,0,1,18,4410.81,0.37,0.19,0,1,mobile,0
CUST02574,Country_F,low,0,1,15,1248.22,0.17,0.15,0,1,branch,0
CUST02575,Country_I,low,0,52,23,6479.83,0.22,0.35,0,1,mobile,0
CUST02576,Country_D,medium,0,79,19,11684.32,0.27,0.27,0,1,branch,0
CUST02577,Country_G,low,0,39,18,9436.5,0.21,0.3,0,1,mobile,0
CUST02578,Country_G,low,0,29,17,2271.65,0.14,0.25,0,1,online,0
CUST02579,Country_C,high,0,4,15,24190.9,0.15,0.43,0,1,online,0
CUST02580,Country_I,low,0,10,10,1951.46,0.2,0.1,0,1,mobile,0
CUST02581,Country_F,low,0,8,10,946.74,0.23,0.12,0,1,branch,0
CUST02582,Country_F,low,0,6,15,1548.12,0.05,0.15,0,1,online,0
CUST02583,Country_F,low,0,142,13,39250.46,0.13,0.39,0,1,mobile,0
CUST02584,Country_E,medium,0,29,16,7885.43,0.37,0.18,0,1,online,0
CUST02585,Country_D,medium,0,0,16,4553.03,0.08,0.09,0,1,branch,0
CUST02586,Country_H,low,0,20,24,25978.73,0.2,0.33,0,1,online,0
CUST02587,Country_H,low,0,9,16,3338.55,0.1,0.41,0,1,mobile,0
CUST02588,Country_J,low,1,15,19,3981.62,0.26,0.26,0,1,mobile,0
CUST02589,Country_F,low,0,81,13,15398.16,0.03,0.23,0,1,branch,0
CUST02590,Country_G,low,0,20,11,45367.43,0.11,0.15,0,1,branch,0
CUST02591,Country_G,low,0,25,13,11887.47,0.11,0.32,0,1,online,0
CUST02592,Country_F,low,0,144,16,17348.19,0.12,0.05,0,1,branch,0
CUST02593,Country_G,low,0,26,9,5661.67,0.26,0.36,0,1,branch,0
CUST02594,Country_I,low,0,11,17,3403.54,0.05,0.25,0,1,online,0
CUST02595,Country_J,low,0,8,14,9071.82,0.15,0.25,0,1,mobile,0
CUST02596,Country_G,low,0,25,15,3945.52,0.03,0.02,0,1,mobile,0
CUST02597,Country_F,low,0,4,15,25942.99,0.09,0.23,0,1,online,0
CUST02598,Country_G,low,1,10,16,1273.46,0.12,0.14,0,1,branch,0
CUST02599,Country_D,medium,0,1,27,7591.58,0.32,0.03,0,0,mobile,0
CUST02600,Country_J,low,0,28,14,6208.63,0.13,0.06,0,1,online,0
CUST02601,Country_H,low,0,15,20,4238.37,0.38,0.0,0,1,online,0
CUST02602,Country_C,high,0,36,20,1154.53,0.19,0.05,0,1,branch,0
CUST02603,Country_H,low,0,6,9,2212.7,0.07,0.04,0,1,mobile,0
CUST02604,Country_J,low,0,1,14,46309.02,0.27,0.17,0,1,mobile,0
CUST02605,Country_J,low,1,28,19,4483.38,0.31,0.08,0,1,online,0
CUST02606,Country_D,medium,0,17,18,32247.0,0.03,0.42,0,1,online,0
CUST02607,Country_F,low,0,36,19,2020.3,0.06,0.28,0,1,branch,0
CUST02608,Country_F,low,0,19,22,3137.8,0.04,0.04,0,1,mobile,0
CUST02609,Country_D,medium,0,34,14,2869.84,0.13,0.06,0,1,online,0
CUST02610,Country_F,low,0,64,11,8920.69,0.25,0.45,0,1,branch,0
CUST02611,Country_D,medium,0,32,18,2232.56,0.07,0.05,0,1,branch,0
CUST02612,Country_F,low,0,56,13,1160.0,0.11,0.12,0,1,online,0
CUST02613,Country_G,low,0,5,16,1775.4,0.36,0.52,0,1,online,0
CUST02614,Country_F,low,0,10,14,41124.35,0.26,0.11,0,1,online,0
CUST02615,Country_J,low,0,97,13,31844.04,0.16,0.14,0,1,online,0
CUST02616,Country_A,high,0,34,17,4820.2,0.22,0.12,0,1,mobile,0
CUST02617,Country_A,high,0,8,13,46560.94,0.1,0.31,0,0,online,1
CUST02618,Country_G,low,0,38,18,1978.41,0.33,0.08,1,1,online,0
CUST02619,Country_J,low,0,60,17,2404.58,0.09,0.16,0,1,online,0
CUST02620,Country_G,low,0,12,19,4880.14,0.05,0.09,0,1,branch,0
CUST02621,Country_H,low,0,66,14,1704.54,0.17,0.01,0,1,mobile,0
CUST02622,Country_G,low,0,19,18,2260.43,0.08,0.28,0,1,mobile,0
CUST02623,Country_J,low,0,23,23,6218.88,0.08,0.09,0,1,branch,0
CUST02624,Country_F,low,0,11,21,3736.3,0.34,0.15,0,1,branch,0
CUST02625,Country_I,low,0,27,14,2799.54,0.29,0.11,0,1,mobile,0
CUST02626,Country_J,low,0,7,16,2860.28,0.08,0.09,0,1,online,0
CUST02627,Country_F,low,0,43,16,7691.58,0.15,0.22,0,1,branch,0
CUST02628,Country_D,medium,0,43,16,6364.92,0.25,0.04,0,1,mobile,0
CUST02629,Country_J,low,0,13,16,6713.67,0.03,0.04,0,1,online,0
CUST02630,Country_I,low,0,18,16,7362.91,0.26,0.14,0,1,mobile,0
CUST02631,Country_G,low,0,17,15,15476.84,0.03,0.11,0,1,mobile,0
CUST02632,Country_F,low,0,7,11,8994.67,0.14,0.21,0,1,mobile,0
CUST02633,Country_C,high,0,14,13,13248.1,0.23,0.24,0,1,online,0
CUST02634,Country_J,low,1,14,8,4089.49,0.11,0.24,0,1,mobile,0
CUST02635,Country_E,medium,0,7,11,15985.16,0.09,0.25,0,0,mobile,0
CUST02636,Country_D,medium,0,61,14,7267.63,0.32,0.35,0,1,branch,0
CUST02637,Country_H,low,0,43,17,5123.95,0.42,0.14,0,1,online,0
CUST02638,Country_J,low,0,41,14,4731.48,0.1,0.12,0,1,online,0
CUST02639,Country_G,low,0,31,11,2026.72,0.23,0.36,0,1,online,0
CUST02640,Country_G,low,0,12,16,15586.52,0.28,0.16,0,1,online,0
CUST02641,Country_E,medium,0,6,14,537.9,0.04,0.46,0,1,online,0
CUST02642,Country_I,low,0,45,8,530.72,0.06,0.17,0,0,branch,0
CUST02643,Country_G,low,0,2,12,4013.51,0.04,0.01,0,1,online,0
CUST02644,Country_F,low,0,8,12,222188.32,0.15,0.26,0,1,mobile,0
CUST02645,Country_I,low,0,3,22,16705.24,0.2,0.15,0,1,mobile,0
CUST02646,Country_E,medium,0,10,22,1915.12,0.05,0.55,0,1,online,0
CUST02647,Country_I,low,0,12,13,1517.03,0.29,0.14,0,0,mobile,0
CUST02648,Country_H,low,0,17,15,15313.45,0.26,0.25,0,1,mobile,0
CUST02649,Country_E,medium,0,10,10,17616.2,0.13,0.23,0,0,branch,0
CUST02650,Country_E,medium,0,4,16,527.44,0.36,0.09,0,1,online,0
CUST02651,Country_B,high,0,6,15,13253.94,0.43,0.24,0,1,branch,1
CUST02652,Country_J,low,0,12,15,11578.98,0.15,0.26,0,1,mobile,0
CUST02653,Country_I,low,0,6,12,4320.26,0.49,0.31,0,1,mobile,0
CUST02654,Country_J,low,0,12,8,8809.1,0.12,0.12,0,1,online,0
CUST02655,Country_D,medium,0,15,18,5603.2,0.25,0.11,0,1,online,0
CUST02656,Country_I,low,0,1,23,36519.21,0.27,0.28,0,1,branch,0
CUST02657,Country_G,low,0,29,8,6565.73,0.09,0.14,0,1,mobile,0
CUST02658,Country_D,medium,0,22,13,3628.68,0.47,0.17,0,1,mobile,1
CUST02659,Country_E,medium,0,15,11,9384.22,0.21,0.05,0,1,online,0
CUST02660,Country_J,low,0,59,10,1019.49,0.24,0.4,0,0,branch,0
CUST02661,Country_G,low,0,99,19,1411.55,0.24,0.26,0,1,online,0
CUST02662,Country_E,medium,0,31,20,1706.68,0.07,0.18,0,0,branch,0
CUST02663,Country_F,low,0,6,19,3314.58,0.28,0.16,0,1,online,0
CUST02664,Country_D,medium,0,1,12,774.29,0.02,0.23,0,0,online,0
CUST02665,Country_F,low,0,2,16,3905.9,0.16,0.33,0,1,online,0
CUST02666,Country_J,low,0,99,11,11020.93,0.11,0.09,0,1,branch,0
CUST02667,Country_F,low,0,0,25,19248.49,0.3,0.17,0,1,branch,0
CUST02668,Country_H,low,0,28,15,11668.52,0.18,0.2,0,1,online,0
CUST02669,Country_G,low,0,32,16,53082.24,0.07,0.09,0,1,mobile,0
CUST02670,Country_I,low,0,6,13,2669.6,0.42,0.19,0,1,mobile,0
CUST02671,Country_A,high,0,12,12,977.18,0.05,0.17,0,1,mobile,0
CUST02672,Country_F,low,0,1,14,17865.94,0.27,0.27,0,1,branch,0
CUST02673,Country_E,medium,0,12,22,5498.95,0.22,0.26,0,1,mobile,0
CUST02674,Country_G,low,0,0,14,4362.05,0.05,0.04,0,1,branch,0
CUST02675,Country_F,low,0,11,24,2711.07,0.09,0.1,0,1,mobile,0
CUST02676,Country_H,low,0,2,12,4993.99,0.2,0.25,0,1,online,0
CUST02677,Country_C,high,0,15,12,9404.19,0.03,0.26,0,1,branch,0
CUST02678,Country_H,low,0,12,12,1763.31,0.33,0.38,0,1,mobile,0
CUST02679,Country_F,low,0,77,13,2114.23,0.21,0.11,0,1,mobile,0
CUST02680,Country_E,medium,0,82,15,1996.58,0.04,0.02,0,1,mobile,0
CUST02681,Country_I,low,0,47,11,25274.8,0.6,0.08,0,1,mobile,0
CUST02682,Country_E,medium,0,0,18,174.7,0.07,0.05,0,1,online,0
CUST02683,Country_G,low,0,36,13,32436.22,0.17,0.04,0,0,online,0
CUST02684,Country_G,low,0,47,11,12230.57,0.14,0.13,0,0,branch,0
CUST02685,Country_J,low,0,1,7,19043.51,0.37,0.11,0,1,branch,0
CUST02686,Country_B,high,0,45,11,432.87,0.22,0.13,0,1,mobile,1
CUST02687,Country_F,low,0,9,13,29858.06,0.47,0.07,0,1,mobile,0
CUST02688,Country_F,low,0,73,20,10849.91,0.09,0.08,0,1,online,0
CUST02689,Country_C,high,1,38,17,45843.93,0.11,0.07,0,1,branch,1
CUST02690,Country_F,low,0,22,18,187822.92,0.2,0.03,0,1,mobile,0
CUST02691,Country_J,low,0,51,16,10656.51,0.28,0.26,0,1,mobile,0
CUST02692,Country_J,low,0,31,11,3750.28,0.19,0.39,0,1,mobile,0
CUST02693,Country_A,high,0,5,21,761.55,0.31,0.21,0,1,online,0
CUST02694,Country_G,low,0,29,10,963.92,0.1,0.25,0,1,mobile,0
CUST02695,Country_H,low,1,11,14,3716.6,0.03,0.19,0,1,online,0
CUST02696,Country_E,medium,0,9,18,23816.21,0.32,0.55,0,1,branch,0
CUST02697,Country_E,medium,0,12,17,26899.99,0.42,0.14,0,1,mobile,0
CUST02698,Country_B,high,0,56,13,237.65,0.59,0.44,0,1,online,1
CUST02699,Country_I,low,1,11,16,4302.36,0.38,0.15,1,1,online,1
CUST02700,Country_G,low,0,0,12,14314.01,0.11,0.2,0,0,online,0
CUST02701,Country_H,low,0,18,12,916.31,0.24,0.35,0,1,online,0
CUST02702,Country_C,high,0,19,20,14467.61,0.31,0.42,0,0,mobile,1
CUST02703,Country_I,low,0,1,15,411.74,0.06,0.14,0,1,branch,0
CUST02704,Country_J,low,0,11,17,8882.79,0.02,0.27,0,1,online,0
CUST02705,Country_H,low,0,21,20,8274.12,0.22,0.13,0,1,mobile,0
CUST02706,Country_H,low,0,1,18,1315.94,0.24,0.08,0,1,mobile,0
CUST02707,Country_I,low,0,31,12,1490.79,0.17,0.1,0,0,branch,0
CUST02708,Country_E,medium,0,11,9,1543.0,0.32,0.32,0,1,online,0
CUST02709,Country_A,high,0,11,13,880.02,0.31,0.38,0,1,online,1
CUST02710,Country_H,low,0,10,15,2007.88,0.45,0.08,0,1,mobile,0
CUST02711,Country_G,low,0,90,21,4572.82,0.17,0.18,0,1,branch,0
CUST02712,Country_J,low,0,92,14,3248.63,0.03,0.28,0,1,mobile,0
CUST02713,Country_I,low,0,9,13,5318.48,0.04,0.32,0,0,online,0
CUST02714,Country_J,low,0,0,11,10784.79,0.22,0.26,0,1,branch,0
CUST02715,Country_G,low,0,0,18,10093.55,0.13,0.07,0,1,online,0
CUST02716,Country_D,medium,0,18,17,1268.55,0.07,0.51,0,1,mobile,0
CUST02717,Country_B,high,0,3,8,13129.43,0.2,0.11,0,1,branch,0
CUST02718,Country_I,low,1,18,15,1068.56,0.16,0.11,0,1,mobile,0
CUST02719,Country_G,low,0,19,20,18964.35,0.33,0.01,0,1,branch,0
CUST02720,Country_H,low,0,40,15,1873.49,0.07,0.24,0,1,branch,0
CUST02721,Country_F,low,0,25,19,14570.89,0.42,0.23,0,1,mobile,0
CUST02722,Country_F,low,1,40,18,6797.04,0.17,0.07,0,1,mobile,0
CUST02723,Country_F,low,0,62,16,3132.34,0.08,0.01,0,1,mobile,0
CUST02724,Country_H,low,1,73,13,5703.02,0.04,0.18,0,1,branch,0
CUST02725,Country_J,low,0,3,17,13460.07,0.08,0.06,0,1,mobile,0
CUST02726,Country_B,high,0,20,15,12284.19,0.11,0.17,0,1,mobile,0
CUST02727,Country_E,medium,0,10,19,64258.99,0.18,0.09,0,1,online,0
CUST02728,Country_G,low,0,38,16,37192.18,0.44,0.01,0,1,online,0
CUST02729,Country_D,medium,0,30,16,21062.08,0.24,0.43,1,1,branch,0
CUST02730,Country_F,low,0,0,12,2046.18,0.12,0.12,0,1,mobile,0
CUST02731,Country_D,medium,0,5,14,5109.59,0.19,0.18,0,1,mobile,0
CUST02732,Country_J,low,0,21,10,620.18,0.26,0.11,0,1,online,0
CUST02733,Country_H,low,0,25,15,2537.42,0.32,0.2,0,1,branch,0
CUST02734,Country_H,low,0,33,15,8167.05,0.28,0.14,0,1,online,0
CUST02735,Country_E,medium,0,8,15,9597.21,0.04,0.28,0,1,mobile,0
CUST02736,Country_J,low,0,62,9,9996.77,0.04,0.26,0,1,online,0
CUST02737,Country_H,low,0,18,16,35811.69,0.14,0.02,0,1,mobile,0
CUST02738,Country_F,low,0,4,16,3495.2,0.02,0.09,0,1,mobile,0
CUST02739,Country_H,low,0,84,23,76840.22,0.13,0.4,0,1,online,0
CUST02740,Country_D,medium,0,8,17,631.13,0.46,0.16,0,1,online,0
CUST02741,Country_J,low,0,14,20,7487.59,0.18,0.14,0,1,mobile,0
CUST02742,Country_H,low,0,87,19,3602.93,0.1,0.15,0,1,mobile,0
CUST02743,Country_H,low,0,49,16,3537.21,0.11,0.19,0,1,online,0
CUST02744,Country_G,low,0,61,20,3421.08,0.19,0.21,0,1,online,0
CUST02745,Country_I,low,0,19,10,3562.52,0.51,0.32,0,1,online,0
CUST02746,Country_F,low,0,0,13,2957.84,0.49,0.22,0,1,mobile,0
CUST02747,Country_D,medium,0,14,17,4360.07,0.14,0.17,0,1,online,0
CUST02748,Country_F,low,0,7,13,12886.64,0.08,0.0,0,0,online,0
CUST02749,Country_I,low,0,1,19,3393.22,0.17,0.27,0,1,online,0
CUST02750,Country_H,low,0,5,14,9601.01,0.13,0.16,0,0,branch,0
CUST02751,Country_D,medium,1,29,14,1053.93,0.06,0.03,0,1,branch,1
CUST02752,Country_I,low,0,34,19,39578.58,0.38,0.11,0,1,branch,0
CUST02753,Country_G,low,0,4,25,11543.28,0.24,0.12,0,1,branch,0
CUST02754,Country_I,low,0,6,11,8167.52,0.22,0.15,0,1,online,0
CUST02755,Country_F,low,0,3,7,13262.18,0.59,0.15,0,1,mobile,0
CUST02756,Country_D,medium,0,51,19,1346.3,0.04,0.06,0,1,online,0
CUST02757,Country_I,low,0,14,17,2104.11,0.11,0.21,0,1,branch,0
CUST02758,Country_F,low,0,2,19,7512.53,0.12,0.42,0,1,online,0
CUST02759,Country_F,low,0,19,28,1559.27,0.03,0.3,0,1,online,0
CUST02760,Country_H,low,0,79,17,1569.24,0.19,0.03,0,1,branch,0
CUST02761,Country_E,medium,0,14,18,5287.54,0.09,0.2,0,1,mobile,0
CUST02762,Country_I,low,0,16,14,4869.19,0.05,0.08,0,0,mobile,0
CUST02763,Country_H,low,0,6,12,10773.16,0.02,0.19,0,1,mobile,0
CUST02764,Country_J,low,0,89,16,9248.71,0.04,0.19,0,1,branch,0
CUST02765,Country_H,low,0,27,18,4145.42,0.14,0.32,0,1,online,0
CUST02766,Country_F,low,0,3,15,1167.21,0.35,0.16,0,1,mobile,0
CUST02767,Country_I,low,0,3,14,1663.18,0.26,0.14,0,0,branch,0
CUST02768,Country_I,low,0,36,17,1249.53,0.17,0.44,0,1,mobile,0
CUST02769,Country_J,low,0,6,15,1543.84,0.2,0.32,0,1,branch,0
CUST02770,Country_F,low,0,25,16,15922.96,0.1,0.36,1,1,online,0
CUST02771,Country_G,low,0,7,12,3715.8,0.64,0.03,0,1,branch,0
CUST02772,Country_H,low,0,3,22,5851.67,0.2,0.56,0,1,online,0
CUST02773,Country_H,low,1,2,13,5002.41,0.11,0.2,0,1,mobile,0
CUST02774,Country_J,low,0,8,15,3001.71,0.18,0.1,0,1,branch,0
CUST02775,Country_I,low,0,19,16,1299.34,0.18,0.06,0,1,mobile,0
CUST02776,Country_G,low,0,26,19,4343.45,0.19,0.1,0,1,mobile,0
CUST02777,Country_C,high,0,34,16,4231.23,0.06,0.31,0,1,online,0
CUST02778,Country_D,medium,0,12,25,2165.95,0.18,0.42,0,1,branch,0
CUST02779,Country_J,low,0,18,13,2738.87,0.35,0.08,0,1,branch,0
CUST02780,Country_J,low,0,2,24,1432.72,0.29,0.46,0,1,mobile,0
CUST02781,Country_H,low,0,60,14,1619.61,0.46,0.25,0,1,branch,0
CUST02782,Country_H,low,0,6,14,25103.15,0.21,0.13,0,1,mobile,0
CUST02783,Country_J,low,0,6,10,774.06,0.6,0.13,0,1,branch,0
CUST02784,Country_J,low,0,60,12,7915.07,0.32,0.2,0,1,mobile,0
CUST02785,Country_J,low,0,8,19,3285.38,0.2,0.38,0,0,mobile,0
CUST02786,Country_H,low,0,32,16,3512.35,0.05,0.22,0,1,branch,0
CUST02787,Country_F,low,0,20,13,2843.41,0.24,0.2,0,0,mobile,0
CUST02788,Country_G,low,0,58,22,28654.17,0.13,0.3,0,1,branch,0
CUST02789,Country_E,medium,0,22,14,6003.98,0.5,0.29,0,0,mobile,0
CUST02790,Country_F,low,0,5,10,1737.06,0.27,0.08,0,1,online,0
CUST02791,Country_I,low,0,1,14,5490.52,0.06,0.03,0,1,online,0
CUST02792,Country_F,low,0,2,16,4679.99,0.28,0.24,0,1,branch,0
CUST02793,Country_I,low,0,55,18,1246.08,0.09,0.12,0,1,online,0
CUST02794,Country_I,low,0,16,14,1884.88,0.2,0.03,0,1,branch,0
CUST02795,Country_J,low,0,30,10,1333.56,0.37,0.51,0,1,mobile,0
CUST02796,Country_H,low,0,4,14,1028.15,0.19,0.04,0,1,branch,0
CUST02797,Country_I,low,0,1,8,9673.59,0.24,0.49,0,1,online,0
CUST02798,Country_E,medium,0,10,14,90032.39,0.21,0.29,0,1,branch,0
CUST02799,Country_H,low,0,3,18,20705.4,0.04,0.12,0,1,mobile,0
CUST02800,Country_D,medium,0,21,10,775.98,0.1,0.08,0,1,mobile,0
CUST02801,Country_I,low,0,27,18,6915.11,0.25,0.15,0,1,mobile,0
CUST02802,Country_F,low,0,21,11,3198.73,0.39,0.33,0,1,online,0
CUST02803,Country_H,low,0,23,15,3301.2,0.44,0.2,0,1,branch,0
CUST02804,Country_J,low,0,8,16,6507.66,0.17,0.31,0,1,branch,0
CUST02805,Country_H,low,0,0,9,1767.23,0.08,0.12,0,0,online,0
CUST02806,Country_I,low,0,23,10,1220.57,0.17,0.19,0,1,online,0
CUST02807,Country_H,low,0,23,13,8980.5,0.02,0.48,0,1,online,0
CUST02808,Country_I,low,0,8,17,12577.05,0.28,0.16,0,1,online,0
CUST02809,Country_I,low,0,53,18,13276.66,0.14,0.14,0,1,mobile,0
CUST02810,Country_I,low,0,27,14,7327.0,0.37,0.2,0,1,mobile,0
CUST02811,Country_G,low,0,3,21,8936.62,0.26,0.25,0,1,mobile,0
CUST02812,Country_A,high,0,3,16,3001.7,0.16,0.4,0,1,mobile,0
CUST02813,Country_G,low,0,47,17,14074.62,0.08,0.36,0,1,branch,0
CUST02814,Country_B,high,0,9,17,1289.02,0.02,0.3,0,1,online,0
CUST02815,Country_F,low,0,9,15,12005.86,0.11,0.05,0,1,branch,0
CUST02816,Country_J,low,0,37,19,2678.05,0.44,0.22,0,0,mobile,0
CUST02817,Country_I,low,0,58,16,2948.93,0.06,0.2,0,1,online,0
CUST02818,Country_G,low,0,9,16,1090.56,0.11,0.28,0,1,branch,0
CUST02819,Country_E,medium,0,0,12,2259.28,0.34,0.04,0,1,branch,0
CUST02820,Country_F,low,0,48,18,1882.77,0.09,0.44,0,1,branch,0
CUST02821,Country_F,low,0,32,15,8235.87,0.19,0.44,0,1,mobile,0
CUST02822,Country_G,low,0,75,14,4177.75,0.17,0.25,0,1,mobile,0
CUST02823,Country_J,low,0,3,13,17585.18,0.15,0.33,0,1,branch,0
CUST02824,Country_E,medium,0,19,15,2085.41,0.3,0.27,0,1,mobile,0
CUST02825,Country_F,low,0,3,15,5482.14,0.13,0.08,0,1,online,0
CUST02826,Country_H,low,0,45,14,4125.22,0.17,0.31,0,1,mobile,0
CUST02827,Country_D,medium,0,13,16,1493.07,0.26,0.23,0,1,branch,0
CUST02828,Country_G,low,0,18,18,2039.43,0.11,0.45,0,1,online,0
CUST02829,Country_H,low,0,92,12,7213.08,0.44,0.39,0,1,mobile,0
CUST02830,Country_F,low,0,27,18,19459.5,0.53,0.07,0,1,online,0
CUST02831,Country_H,low,0,18,17,2396.13,0.19,0.16,0,1,mobile,0
CUST02832,Country_H,low,0,12,16,7766.07,0.25,0.21,0,1,online,0
CUST02833,Country_I,low,0,19,15,4357.27,0.07,0.1,0,1,branch,0
CUST02834,Country_C,high,0,5,16,3697.75,0.25,0.14,0,1,online,0
CUST02835,Country_A,high,0,10,14,3980.08,0.08,0.17,0,1,online,0
CUST02836,Country_J,low,0,15,11,9801.92,0.03,0.36,0,1,online,0
CUST02837,Country_H,low,0,8,19,2161.22,0.24,0.06,0,1,branch,0
CUST02838,Country_I,low,0,52,14,11630.52,0.06,0.12,0,1,mobile,0
CUST02839,Country_I,low,0,7,15,8949.64,0.48,0.08,0,1,mobile,0
CUST02840,Country_J,low,0,33,16,2828.45,0.24,0.11,0,1,online,0
CUST02841,Country_I,low,0,13,22,9370.49,0.06,0.25,0,1,branch,0
CUST02842,Country_E,medium,0,16,18,10329.17,0.1,0.06,0,1,branch,0
CUST02843,Country_I,low,0,14,12,22391.91,0.05,0.26,0,1,mobile,0
CUST02844,Country_I,low,0,51,14,22865.55,0.05,0.21,0,1,online,0
CUST02845,Country_E,medium,0,23,9,31034.29,0.07,0.07,0,1,online,0
CUST02846,Country_J,low,0,6,9,3176.95,0.18,0.36,0,1,online,0
CUST02847,Country_D,medium,0,56,11,2430.68,0.29,0.4,0,1,mobile,0
CUST02848,Country_G,low,0,30,17,12628.38,0.18,0.06,0,1,mobile,0
CUST02849,Country_G,low,0,4,13,268.69,0.11,0.25,0,0,mobile,0
CUST02850,Country_F,low,0,8,11,18246.17,0.08,0.05,0,1,mobile,0
CUST02851,Country_J,low,0,16,16,10302.44,0.52,0.16,0,1,branch,0
CUST02852,Country_J,low,0,10,17,2869.77,0.18,0.04,0,1,online,0
CUST02853,Country_D,medium,0,84,20,1810.27,0.25,0.11,0,1,online,0
CUST02854,Country_F,low,0,2,14,5900.71,0.03,0.13,0,1,online,0
CUST02855,Country_F,low,0,39,7,9360.57,0.13,0.14,0,1,branch,0
CUST02856,Country_J,low,1,32,23,8075.85,0.22,0.1,0,1,mobile,0
CUST02857,Country_F,low,0,4,10,11502.08,0.13,0.13,0,0,branch,0
CUST02858,Country_C,high,0,4,18,1989.55,0.03,0.07,0,1,mobile,0
CUST02859,Country_A,high,0,2,11,14361.51,0.31,0.42,0,1,online,1
CUST02860,Country_J,low,0,1,13,4134.65,0.24,0.1,0,1,online,0
CUST02861,Country_D,medium,0,22,21,10619.74,0.41,0.19,0,1,online,1
CUST02862,Country_E,medium,0,8,16,34500.95,0.09,0.25,0,1,mobile,0
CUST02863,Country_G,low,0,33,17,5348.27,0.28,0.28,0,1,online,0
CUST02864,Country_F,low,0,27,19,5730.47,0.47,0.43,0,0,branch,0
CUST02865,Country_G,low,1,0,11,1639.77,0.34,0.47,0,1,branch,1
CUST02866,Country_J,low,0,39,14,14714.03,0.24,0.14,0,1,mobile,0
CUST02867,Country_H,low,0,3,16,28842.64,0.29,0.41,0,1,mobile,0
CUST02868,Country_I,low,0,74,11,814.98,0.23,0.38,0,1,mobile,0
CUST02869,Country_I,low,0,24,15,872.15,0.13,0.16,0,1,online,0
CUST02870,Country_H,low,0,2,14,3377.3,0.09,0.04,0,1,online,0
CUST02871,Country_J,low,0,46,17,12696.5,0.34,0.04,0,1,mobile,0
CUST02872,Country_E,medium,0,16,12,50001.48,0.16,0.17,0,1,mobile,0
CUST02873,Country_C,high,0,54,18,3674.47,0.13,0.3,0,0,online,0
CUST02874,Country_H,low,0,48,27,18030.86,0.19,0.33,0,1,online,0
CUST02875,Country_H,low,0,29,23,23777.24,0.08,0.53,0,1,branch,0
CUST02876,Country_I,low,0,36,10,3931.17,0.29,0.37,0,1,mobile,0
CUST02877,Country_J,low,0,18,22,10062.36,0.49,0.49,0,1,branch,1
CUST02878,Country_G,low,0,24,19,83971.2,0.56,0.16,0,1,mobile,0
CUST02879,Country_H,low,0,46,6,5844.12,0.35,0.21,0,0,mobile,0
CUST02880,Country_G,low,0,33,18,7121.69,0.12,0.13,0,1,mobile,0
CUST02881,Country_C,high,0,21,20,5665.33,0.5,0.31,0,1,mobile,1
CUST02882,Country_J,low,0,9,19,7845.69,0.11,0.12,0,1,mobile,0
CUST02883,Country_G,low,0,8,21,1818.61,0.21,0.1,0,1,mobile,0
CUST02884,Country_F,low,0,72,14,5926.36,0.11,0.31,0,1,branch,0
CUST02885,Country_F,low,0,11,16,4231.53,0.19,0.17,0,1,branch,0
CUST02886,Country_G,low,0,39,11,7130.95,0.09,0.18,0,1,online,0
CUST02887,Country_I,low,0,28,14,14829.48,0.33,0.32,0,1,branch,0
CUST02888,Country_E,medium,0,16,19,2195.62,0.17,0.38,0,1,mobile,0
CUST02889,Country_H,low,0,16,15,1369.15,0.08,0.1,0,1,online,0
CUST02890,Country_J,low,0,19,17,9348.73,0.42,0.33,0,1,online,0
CUST02891,Country_D,medium,1,5,15,8541.88,0.07,0.19,0,1,mobile,0
CUST02892,Country_J,low,0,5,24,1640.59,0.17,0.25,0,0,online,0
CUST02893,Country_J,low,0,2,10,24202.67,0.13,0.09,0,1,online,0
CUST02894,Country_H,low,0,3,15,7070.46,0.13,0.08,0,1,mobile,0
CUST02895,Country_F,low,0,5,13,9249.63,0.02,0.35,0,1,online,0
CUST02896,Country_J,low,0,2,9,6090.85,0.24,0.34,0,1,mobile,0
CUST02897,Country_J,low,0,2,23,30847.14,0.11,0.48,0,1,online,0
CUST02898,Country_H,low,0,23,15,4281.51,0.19,0.2,0,1,mobile,0
CUST02899,Country_H,low,0,11,16,23267.27,0.14,0.16,0,1,mobile,0
CUST02900,Country_J,low,0,7,18,7267.42,0.16,0.06,0,1,online,0
CUST02901,Country_A,high,0,10,14,4733.71,0.15,0.04,0,1,branch,0
CUST02902,Country_E,medium,0,77,16,11324.55,0.05,0.38,0,0,online,0
CUST02903,Country_I,low,0,33,14,2924.95,0.15,0.26,0,1,mobile,0
CUST02904,Country_E,medium,0,17,12,6361.96,0.28,0.28,0,1,branch,0
CUST02905,Country_C,high,0,48,10,938.64,0.1,0.24,0,1,online,0
CUST02906,Country_J,low,0,14,22,4002.55,0.23,0.19,0,1,branch,0
CUST02907,Country_F,low,0,66,22,5745.76,0.05,0.26,0,1,branch,0
CUST02908,Country_F,low,0,38,18,22279.66,0.24,0.08,0,1,branch,0
CUST02909,Country_H,low,0,14,16,8397.1,0.12,0.16,0,1,mobile,0
CUST02910,Country_H,low,1,24,12,10316.32,0.1,0.06,0,1,branch,0
CUST02911,Country_E,medium,0,54,20,4480.74,0.01,0.09,0,1,mobile,0
CUST02912,Country_J,low,0,12,16,11923.54,0.16,0.55,0,1,branch,0
CUST02913,Country_I,low,0,11,12,1416.79,0.17,0.27,0,1,mobile,0
CUST02914,Country_E,medium,0,83,13,2457.86,0.24,0.47,0,0,online,0
CUST02915,Country_G,low,0,7,16,3850.85,0.32,0.56,0,1,mobile,0
CUST02916,Country_D,medium,0,8,16,2117.06,0.09,0.1,0,1,online,0
CUST02917,Country_I,low,0,50,12,2501.38,0.27,0.13,0,0,branch,0
CUST02918,Country_G,low,0,0,13,11999.07,0.25,0.55,0,1,branch,0
CUST02919,Country_I,low,0,6,21,3961.25,0.23,0.09,0,1,online,0
CUST02920,Country_F,low,0,21,15,12348.84,0.29,0.2,0,1,branch,0
CUST02921,Country_H,low,0,50,15,1226.08,0.39,0.42,0,1,mobile,0
CUST02922,Country_G,low,0,12,16,1839.01,0.19,0.29,0,1,online,0
CUST02923,Country_I,low,0,7,16,555.37,0.13,0.14,0,1,mobile,0
CUST02924,Country_D,medium,0,32,17,56212.92,0.24,0.33,0,1,branch,0
CUST02925,Country_I,low,0,134,10,5168.04,0.02,0.08,0,1,mobile,0
CUST02926,Country_G,low,0,3,17,1688.8,0.05,0.12,0,1,online,0
CUST02927,Country_G,low,1,20,19,4679.8,0.15,0.44,0,1,branch,1
CUST02928,Country_D,medium,0,54,21,5535.54,0.2,0.19,0,1,online,0
CUST02929,Country_J,low,0,23,16,632.4,0.03,0.24,0,1,online,0
CUST02930,Country_F,low,0,45,16,9525.69,0.3,0.05,0,1,branch,0
CUST02931,Country_H,low,0,9,15,8080.06,0.34,0.46,0,1,mobile,0
CUST02932,Country_F,low,0,5,24,12471.5,0.17,0.21,0,0,mobile,0
CUST02933,Country_C,high,0,7,19,393.36,0.15,0.15,0,1,mobile,0
CUST02934,Country_G,low,0,27,16,4122.02,0.5,0.0,0,1,online,0
CUST02935,Country_J,low,0,13,8,14683.99,0.16,0.31,0,1,mobile,0
CUST02936,Country_F,low,0,22,10,3831.02,0.37,0.57,0,1,mobile,0
CUST02937,Country_D,medium,0,21,8,5470.1,0.41,0.26,0,1,mobile,0
CUST02938,Country_E,medium,0,22,15,15234.59,0.14,0.14,0,1,online,0
CUST02939,Country_F,low,0,4,13,5390.41,0.21,0.27,0,1,mobile,0
CUST02940,Country_H,low,0,25,12,1876.36,0.03,0.08,0,1,branch,0
CUST02941,Country_H,low,1,4,20,2166.35,0.22,0.09,0,1,mobile,0
CUST02942,Country_J,low,0,38,14,6652.95,0.21,0.07,0,1,branch,0
CUST02943,Country_I,low,0,24,14,551.13,0.18,0.36,0,1,mobile,0
CUST02944,Country_E,medium,0,52,9,1555.37,0.23,0.04,0,1,online,0
CUST02945,Country_I,low,0,30,14,25251.34,0.28,0.14,0,1,branch,0
CUST02946,Country_I,low,0,1,16,9932.6,0.13,0.19,0,1,online,0
CUST02947,Country_J,low,0,41,7,6172.95,0.24,0.21,0,0,mobile,0
CUST02948,Country_B,high,0,6,15,7808.44,0.1,0.05,0,1,online,0
CUST02949,Country_E,medium,1,8,12,286.49,0.4,0.31,0,1,online,1
CUST02950,Country_F,low,0,107,14,1825.75,0.26,0.34,0,1,branch,0
CUST02951,Country_D,medium,1,36,6,546.87,0.3,0.06,0,1,branch,1
CUST02952,Country_G,low,0,54,21,963.31,0.13,0.17,0,1,online,0
CUST02953,Country_G,low,0,26,15,34135.9,0.23,0.05,0,1,online,0
CUST02954,Country_G,low,0,3,13,1279.61,0.26,0.02,0,1,online,0
CUST02955,Country_I,low,0,12,13,19373.22,0.12,0.3,0,1,online,0
CUST02956,Country_D,medium,0,9,18,1669.62,0.04,0.06,0,1,branch,0
CUST02957,Country_F,low,0,25,16,22504.23,0.29,0.04,0,1,mobile,0
CUST02958,Country_G,low,0,2,16,17483.23,0.09,0.32,0,1,online,0
CUST02959,Country_I,low,0,11,11,25644.36,0.14,0.01,0,1,online,0
CUST02960,Country_H,low,0,4,23,6196.01,0.38,0.1,0,1,mobile,0
CUST02961,Country_H,low,0,21,16,8986.75,0.08,0.1,0,1,mobile,0
CUST02962,Country_F,low,0,3,11,2917.42,0.17,0.15,0,1,mobile,0
CUST02963,Country_D,medium,0,7,23,892.98,0.22,0.24,0,1,online,0
CUST02964,Country_F,low,0,25,18,3518.41,0.43,0.08,0,1,branch,0
CUST02965,Country_D,medium,1,2,13,3942.35,0.16,0.53,0,1,branch,1
CUST02966,Country_I,low,0,67,20,16689.06,0.07,0.21,0,1,branch,0
CUST02967,Country_I,low,1,17,11,7992.99,0.12,0.1,0,1,branch,0
CUST02968,Country_I,low,0,0,12,785.59,0.39,0.09,0,1,online,0
CUST02969,Country_H,low,0,13,14,1817.69,0.16,0.15,0,1,branch,0
CUST02970,Country_J,low,0,13,15,2225.61,0.43,0.19,0,1,online,0
CUST02971,Country_H,low,0,51,14,1582.79,0.07,0.38,0,1,branch,0
CUST02972,Country_J,low,0,26,13,1693.44,0.04,0.2,0,1,mobile,0
CUST02973,Country_J,low,0,18,14,11875.31,0.44,0.06,0,1,branch,0
CUST02974,Country_G,low,0,1,20,358.26,0.25,0.23,0,1,online,0
CUST02975,Country_B,high,0,3,15,4921.58,0.18,0.14,0,1,mobile,0
CUST02976,Country_F,low,0,4,19,15295.44,0.11,0.08,0,1,branch,0
CUST02977,Country_J,low,0,12,15,6240.36,0.04,0.25,0,0,branch,0
CUST02978,Country_G,low,0,12,14,9044.4,0.09,0.44,0,1,online,0
CUST02979,Country_E,medium,0,6,16,1942.62,0.36,0.15,0,1,branch,0
CUST02980,Country_G,low,0,60,16,776.28,0.31,0.33,0,1,branch,0
CUST02981,Country_I,low,0,7,18,2086.58,0.33,0.19,0,1,online,0
CUST02982,Country_J,low,1,56,7,4445.13,0.31,0.14,0,1,branch,0
CUST02983,Country_D,medium,0,32,15,1991.12,0.25,0.27,0,1,branch,0
CUST02984,Country_A,high,0,71,10,8163.31,0.09,0.01,0,1,branch,0
CUST02985,Country_I,low,0,2,7,9259.25,0.02,0.11,0,1,mobile,0
CUST02986,Country_J,low,0,14,14,7685.51,0.33,0.41,0,0,online,0
CUST02987,Country_D,medium,0,10,17,974.39,0.2,0.53,0,0,mobile,0
CUST02988,Country_I,low,0,1,13,5678.61,0.05,0.21,0,1,branch,0
CUST02989,Country_H,low,0,0,9,8453.57,0.18,0.04,0,1,mobile,0
CUST02990,Country_F,low,0,165,24,4960.24,0.61,0.42,0,1,mobile,1
CUST02991,Country_C,high,0,15,11,6329.34,0.31,0.09,0,1,online,0
CUST02992,Country_A,high,0,28,15,2033.53,0.3,0.06,0,1,branch,0
CUST02993,Country_G,low,0,18,14,12157.57,0.47,0.39,0,1,branch,0
CUST02994,Country_G,low,0,1,13,4139.48,0.57,0.01,0,1,online,0
CUST02995,Country_I,low,0,1,18,7530.86,0.12,0.21,0,1,online,0
CUST02996,Country_G,low,0,19,10,5995.5,0.22,0.21,0,1,mobile,0
CUST02997,Country_A,high,1,29,9,2852.59,0.2,0.23,0,1,mobile,1
CUST02998,Country_I,low,0,0,9,11107.6,0.04,0.01,0,1,mobile,0
CUST02999,Country_H,low,0,5,20,19249.91,0.17,0.14,0,1,branch,0
CUST03000,Country_G,low,0,99,14,30716.7,0.17,0.26,0,1,mobile,0
